code;title;year;director;status;source;tmdb_id;matched_title;poster_file;error;tpdb_search_url
IN_THE_MOOD_FOR_LOVE_2000_KAR_WAI;In the Mood for Love;2000;Wong Kar-wai;OK;tmdb+disk;843;In the Mood for Love;IN_THE_MOOD_FOR_LOVE_2000_KAR_WAI.jpg;;https://theposterdb.com/search?term=In%20the%20Mood%20for%20Love%202000
LE_CUIRASSE_POTEMKINE_1925_EISENSTEIN;Le Cuirassé Potemkine;1925;Sergei Eisenstein;OK;tmdb+disk;643;Le Cuirassé Potemkine;LE_CUIRASSE_POTEMKINE_1925_EISENSTEIN.jpg;;https://theposterdb.com/search?term=Le%20Cuirass%C3%A9%20Potemkine%201925
LE_MIROIR_1975_TARKOVSKY;Le Miroir;1975;Andrei Tarkovsky;OK;tmdb;1396;Le Miroir;LE_MIROIR_1975_TARKOVSKY.jpg;;https://theposterdb.com/search?term=Le%20Miroir%201975
ANDREI_ROUBLEV_1966;Andreï Roublev;1966;Andrei Tarkovsky;OK;tmdb;895;Andreï Roublev;ANDREI_ROUBLEV_1966.jpg;;https://theposterdb.com/search?term=Andre%C3%AF%20Roublev%201966
MULHOLLAND_DRIVE_2001;Mulholland Drive;2001;David Lynch;OK;tmdb;1018;Mulholland Drive;MULHOLLAND_DRIVE_2001.jpg;;https://theposterdb.com/search?term=Mulholland%20Drive%202001
RAGING_BULL_1980;Raging Bull;1980;Martin Scorsese;OK;tmdb;1578;Raging Bull;RAGING_BULL_1980.jpg;;https://theposterdb.com/search?term=Raging%20Bull%201980
BLADE_RUNNER_1982;Blade Runner;1982;Ridley Scott;OK;tmdb;78;Blade Runner;BLADE_RUNNER_1982.jpg;;https://theposterdb.com/search?term=Blade%20Runner%201982
BARRY_LYNDON_1975;Barry Lyndon;1975;Stanley Kubrick;OK;tmdb;3175;Barry Lyndon;BARRY_LYNDON_1975.jpg;;https://theposterdb.com/search?term=Barry%20Lyndon%201975
LE_MEPRIS_1963_GODARD;Le Mépris;1963;Jean-Luc Godard;OK;tmdb;266;Le Mépris;LE_MEPRIS_1963_GODARD.jpg;;https://theposterdb.com/search?term=Le%20M%C3%A9pris%201963
LA_COMPLAINTE_DU_SENTIER_1955_RAY;La Complainte du sentier;1955;Satyajit Ray;OK;tmdb;5801;La Complainte du sentier;LA_COMPLAINTE_DU_SENTIER_1955_RAY.jpg;;https://theposterdb.com/search?term=La%20Complainte%20du%20sentier%201955
STALKER_1979_TARKOVSKY;Stalker;1979;Andrei Tarkovsky;OK;tmdb;1398;Stalker;STALKER_1979_TARKOVSKY.jpg;;https://theposterdb.com/search?term=Stalker%201979
BEAU_TRAVAIL_1999;Beau travail;1999;Claire Denis;OK;tmdb;14626;Beau travail;BEAU_TRAVAIL_1999.jpg;;https://theposterdb.com/search?term=Beau%20travail%201999
LA_MORT_AUX_TROUSSES_1959;La Mort aux trousses;1959;Alfred Hitchcock;OK;tmdb;213;La Mort aux trousses;LA_MORT_AUX_TROUSSES_1959.jpg;;https://theposterdb.com/search?term=La%20Mort%20aux%20trousses%201959
LES_FRAISES_SAUVAGES_1957_BERGMAN;Les Fraises sauvages;1957;Ingmar Bergman;OK;tmdb;614;Les Fraises sauvages;LES_FRAISES_SAUVAGES_1957_BERGMAN.jpg;;https://theposterdb.com/search?term=Les%20Fraises%20sauvages%201957
DOCTEUR_FOLAMOUR_1964;Docteur Folamour;1964;Stanley Kubrick;OK;tmdb;935;Docteur Folamour;DOCTEUR_FOLAMOUR_1964.jpg;;https://theposterdb.com/search?term=Docteur%20Folamour%201964
VOYAGE_EN_ITALIE_1954;Voyage en Italie;1954;Roberto Rossellini;OK;tmdb;2748;Voyage en Italie;VOYAGE_EN_ITALIE_1954.jpg;;https://theposterdb.com/search?term=Voyage%20en%20Italie%201954
DO_THE_RIGHT_THING_1989;Do the Right Thing;1989;Spike Lee;OK;tmdb;925;Do the Right Thing;DO_THE_RIGHT_THING_1989.jpg;;https://theposterdb.com/search?term=Do%20the%20Right%20Thing%201989
UNE_FEMME_SOUS_INFLUENCE_1974;Une femme sous influence;1974;John Cassavetes;OK;tmdb;29845;Une femme sous influence;UNE_FEMME_SOUS_INFLUENCE_1974.jpg;;https://theposterdb.com/search?term=Une%20femme%20sous%20influence%201974
AMARCORD_1973;Amarcord;1973;Federico Fellini;OK;tmdb;7857;Amarcord;AMARCORD_1973.jpg;;https://theposterdb.com/search?term=Amarcord%201973
LA_VIE_EST_BELLE_1946;La Vie est belle;1946;Frank Capra;OK;tmdb;1585;La vie est belle;LA_VIE_EST_BELLE_1946.jpg;;https://theposterdb.com/search?term=La%20Vie%20est%20belle%201946
SHINING_1980;Shining;1980;Stanley Kubrick;OK;tmdb;694;Shining;SHINING_1980.jpg;;https://theposterdb.com/search?term=Shining%201980
BLUE_VELVET_1986;Blue Velvet;1986;David Lynch;OK;tmdb;793;Blue Velvet;BLUE_VELVET_1986.jpg;;https://theposterdb.com/search?term=Blue%20Velvet%201986
LE_SEPTIEME_SCEAU_1957_BERGMAN;Le Septième Sceau;1957;Ingmar Bergman;OK;tmdb;490;Le Septième Sceau;LE_SEPTIEME_SCEAU_1957_BERGMAN.jpg;;https://theposterdb.com/search?term=Le%20Septi%C3%A8me%20Sceau%201957
NASHVILLE_1975;Nashville;1975;Robert Altman;OK;tmdb;3121;Nashville;NASHVILLE_1975.jpg;;https://theposterdb.com/search?term=Nashville%201975
LA_SPLENDEUR_DES_AMBERSON_1942;La Splendeur des Amberson;1942;Orson Welles;OK;tmdb;965;La Splendeur des Amberson;LA_SPLENDEUR_DES_AMBERSON_1942.jpg;;https://theposterdb.com/search?term=La%20Splendeur%20des%20Amberson%201942
TO_BE_OR_NOT_TO_BE_1942;To Be or Not to Be;1942;Ernst Lubitsch;OK;tmdb;198;Jeux dangereux;TO_BE_OR_NOT_TO_BE_1942.jpg;;https://theposterdb.com/search?term=To%20Be%20or%20Not%20to%20Be%201942
LA_MAMAN_ET_LA_PUTAIN_1973;La Maman et la Putain;1973;Jean Eustache;OK;tmdb;48693;La Maman et la Putain;LA_MAMAN_ET_LA_PUTAIN_1973.jpg;;https://theposterdb.com/search?term=La%20Maman%20et%20la%20Putain%201973
MADAME_DE_1953;Madame de...;1953;Max Ophüls;OK;tmdb;27030;Madame de...;MADAME_DE_1953.jpg;;https://theposterdb.com/search?term=Madame%20de...%201953
ORANGE_MECANIQUE_1971;Orange mécanique;1971;Stanley Kubrick;OK;tmdb;185;Orange mécanique;ORANGE_MECANIQUE_1971.jpg;;https://theposterdb.com/search?term=Orange%20m%C3%A9canique%201971
ANNIE_HALL_1977;Annie Hall;1977;Woody Allen;OK;tmdb;703;Annie Hall;ANNIE_HALL_1977.jpg;;https://theposterdb.com/search?term=Annie%20Hall%201977
IL_ETAIT_UNE_FOIS_EN_AMERIQUE_1984;Il était une fois en Amérique;1984;Sergio Leone;OK;tmdb;311;Il était une fois en Amérique;IL_ETAIT_UNE_FOIS_EN_AMERIQUE_1984.jpg;;https://theposterdb.com/search?term=Il%20%C3%A9tait%20une%20fois%20en%20Am%C3%A9rique%201984
ALIEN_1979;Alien;1979;Ridley Scott;OK;tmdb;348;Alien, le huitième passager;ALIEN_1979.jpg;;https://theposterdb.com/search?term=Alien%201979
E_T_L_EXTRA_TERRESTRE_1982;E.T. l'extra-terrestre;1982;Steven Spielberg;OK;tmdb;601;E.T. l'extra-terrestre;E_T_L_EXTRA_TERRESTRE_1982.jpg;;https://theposterdb.com/search?term=E.T.%20l%27extra-terrestre%201982
BLOW_UP_1966;Blow-Up;1966;Michelangelo Antonioni;OK;tmdb;1052;Blow-Up;BLOW_UP_1966.jpg;;https://theposterdb.com/search?term=Blow-Up%201966
UNE_PARTIE_DE_CAMPAGNE_1936;Une partie de campagne;1936;Jean Renoir;OK;tmdb;43878;Une partie de campagne;UNE_PARTIE_DE_CAMPAGNE_1936.jpg;;https://theposterdb.com/search?term=Une%20partie%20de%20campagne%201936
L_ECLIPSE_1962;L'Éclipse;1962;Michelangelo Antonioni;OK;tmdb;21135;L'Éclipse;L_ECLIPSE_1962.jpg;;https://theposterdb.com/search?term=L%27%C3%89clipse%201962
UNE_QUESTION_DE_VIE_OU_DE_MORT_1946;Une question de vie ou de mort;1946;Michael Powell;OK;tmdb;28162;Une question de vie ou de mort;UNE_QUESTION_DE_VIE_OU_DE_MORT_1946.jpg;;https://theposterdb.com/search?term=Une%20question%20de%20vie%20ou%20de%20mort%201946
LETTRE_D_UNE_INCONNUE_1948;Lettre d'une inconnue;1948;Max Ophüls;OK;tmdb;946;Lettre d'une inconnue;LETTRE_D_UNE_INCONNUE_1948.jpg;;https://theposterdb.com/search?term=Lettre%20d%27une%20inconnue%201948
MIRAGE_DE_LA_VIE_1959;Mirage de la vie;1959;Douglas Sirk;OK;tmdb;34148;Mirage de la vie;MIRAGE_DE_LA_VIE_1959.jpg;;https://theposterdb.com/search?term=Mirage%20de%20la%20vie%201959
THERE_WILL_BE_BLOOD_2007;There Will Be Blood;2007;Paul Thomas Anderson;OK;tmdb;7345;Il y aura du sang;THERE_WILL_BE_BLOOD_2007.jpg;;https://theposterdb.com/search?term=There%20Will%20Be%20Blood%202007
WANDA_1970;Wanda;1970;Barbara Loden;OK;tmdb;80560;Wanda;WANDA_1970.jpg;;https://theposterdb.com/search?term=Wanda%201970
CELINE_ET_JULIE_VONT_EN_BATEAU_1974;Céline et Julie vont en bateau;1974;Jacques Rivette;OK;tmdb;27019;Céline et Julie vont en bateau;CELINE_ET_JULIE_VONT_EN_BATEAU_1974.jpg;;https://theposterdb.com/search?term=C%C3%A9line%20et%20Julie%20vont%20en%20bateau%201974
L_EVANGILE_SELON_SAINT_MATTHIEU_1964;L'Évangile selon saint Matthieu;1964;Pier Paolo Pasolini;OK;tmdb;24192;L'Évangile selon saint Matthieu;L_EVANGILE_SELON_SAINT_MATTHIEU_1964.jpg;;https://theposterdb.com/search?term=L%27%C3%89vangile%20selon%20saint%20Matthieu%201964
VOL_AU_DESSUS_D_UN_NID_DE_COUCOU_1975;Vol au-dessus d'un nid de coucou;1975;Milos Forman;OK;tmdb;510;Vol au-dessus d'un nid de coucou;VOL_AU_DESSUS_D_UN_NID_DE_COUCOU_1975.jpg;;https://theposterdb.com/search?term=Vol%20au-dessus%20d%27un%20nid%20de%20coucou%201975
LES_PARAPLUIES_DE_CHERBOURG_1964;Les Parapluies de Cherbourg;1964;Jacques Demy;OK;tmdb;5967;Les Parapluies de Cherbourg;LES_PARAPLUIES_DE_CHERBOURG_1964.jpg;;https://theposterdb.com/search?term=Les%20Parapluies%20de%20Cherbourg%201964
KILLER_OF_SHEEP_1977;Killer of Sheep;1977;Charles Burnett;OK;tmdb;27432;Killer of Sheep;KILLER_OF_SHEEP_1977.jpg;;https://theposterdb.com/search?term=Killer%20of%20Sheep%201977
LES_MOISSONS_DU_CIEL_1978;Les Moissons du ciel;1978;Terrence Malick;OK;tmdb;16642;Les Moissons du ciel;LES_MOISSONS_DU_CIEL_1978.jpg;;https://theposterdb.com/search?term=Les%20Moissons%20du%20ciel%201978
VOYAGE_AU_BOUT_DE_L_ENFER_1978;Voyage au bout de l'enfer;1978;Michael Cimino;OK;tmdb;11778;Voyage au bout de l’enfer;VOYAGE_AU_BOUT_DE_L_ENFER_1978.jpg;;https://theposterdb.com/search?term=Voyage%20au%20bout%20de%20l%27enfer%201978
L_ARGENT_1983;L'Argent;1983;Robert Bresson;OK;tmdb;42112;L'Argent;L_ARGENT_1983.jpg;;https://theposterdb.com/search?term=L%27Argent%201983
CHUNGKING_EXPRESS_1994_KAR_WAI;Chungking Express;1994;Wong Kar-wai;OK;tmdb;11104;Chungking Express;CHUNGKING_EXPRESS_1994_KAR_WAI.jpg;;https://theposterdb.com/search?term=Chungking%20Express%201994
MON_VOISIN_TOTORO_1988;Mon voisin Totoro;1988;Hayao Miyazaki;OK;tmdb;8392;Mon voisin Totoro;MON_VOISIN_TOTORO_1988.jpg;;https://theposterdb.com/search?term=Mon%20voisin%20Totoro%201988
MANHATTAN_1979;Manhattan;1979;Woody Allen;OK;tmdb;696;Manhattan;MANHATTAN_1979.jpg;;https://theposterdb.com/search?term=Manhattan%201979
ROSEMARY_S_BABY_1968;Rosemary's Baby;1968;Roman Polanski;OK;tmdb;805;Le Bébé de Rosemary;ROSEMARY_S_BABY_1968.jpg;;https://theposterdb.com/search?term=Rosemary%27s%20Baby%201968
PROFESSION_REPORTER_1975;Profession : reporter;1975;Michelangelo Antonioni;OK;tmdb;9652;Profession : reporter;PROFESSION_REPORTER_1975.jpg;;https://theposterdb.com/search?term=Profession%20%3A%20reporter%201975
LA_BALADE_SAUVAGE_1973;La Balade sauvage;1973;Terrence Malick;OK;tmdb;3133;La Balade sauvage;LA_BALADE_SAUVAGE_1973.jpg;;https://theposterdb.com/search?term=La%20Balade%20sauvage%201973
L_AGE_D_OR_1930;L'Âge d'or;1930;Luis Buñuel;OK;tmdb;5729;Âge d'or;L_AGE_D_OR_1930.jpg;;https://theposterdb.com/search?term=L%27%C3%82ge%20d%27or%201930
MASSACRE_A_LA_TRONCONNEUSE_1974;Massacre à la tronçonneuse;1974;Tobe Hooper;OK;tmdb;30497;Massacre à la tronçonneuse;MASSACRE_A_LA_TRONCONNEUSE_1974.jpg;;https://theposterdb.com/search?term=Massacre%20%C3%A0%20la%20tron%C3%A7onneuse%201974
LE_DECALOGUE_1989;Le Décalogue;1989;Krzysztof Kieslowski;OK;tmdb;118665;Le Décalogue 5, tu ne tueras point;LE_DECALOGUE_1989.jpg;;https://theposterdb.com/search?term=Le%20D%C3%A9calogue%201989
LE_CHARME_DISCRET_DE_LA_BOURGEOISIE_1972;Le Charme discret de la bourgeoisie;1972;Luis Buñuel;OK;tmdb;4593;Le Charme discret de la bourgeoisie;LE_CHARME_DISCRET_DE_LA_BOURGEOISIE_1972.jpg;;https://theposterdb.com/search?term=Le%20Charme%20discret%20de%20la%20bourgeoisie%201972
LES_AVENTURIERS_DE_L_ARCHE_PERDUE_1981;Les Aventuriers de l'arche perdue;1981;Steven Spielberg;OK;tmdb;85;Les Aventuriers de l'arche perdue;LES_AVENTURIERS_DE_L_ARCHE_PERDUE_1981.jpg;;https://theposterdb.com/search?term=Les%20Aventuriers%20de%20l%27arche%20perdue%201981
SEULS_LES_ANGES_ONT_DES_AILES_1939;Seuls les anges ont des ailes;1939;Howard Hawks;OK;tmdb;43832;Seuls les anges ont des ailes;SEULS_LES_ANGES_ONT_DES_AILES_1939.jpg;;https://theposterdb.com/search?term=Seuls%20les%20anges%20ont%20des%20ailes%201939
TOUKI_BOUKI_1973_MAMBETY;Touki Bouki;1973;Djibril Diop Mambéty;OK;tmdb;77771;Le voyage de la Hyène;TOUKI_BOUKI_1973_MAMBETY.jpg;;https://theposterdb.com/search?term=Touki%20Bouki%201973
LA_SOUPE_AU_CANARD_1933;La Soupe au canard;1933;Leo McCarey;OK;tmdb;3063;La soupe au canard;LA_SOUPE_AU_CANARD_1933.jpg;;https://theposterdb.com/search?term=La%20Soupe%20au%20canard%201933
RENCONTRES_DU_TROISIEME_TYPE_1977;Rencontres du troisième type;1977;Steven Spielberg;OK;tmdb;840;Rencontres du troisième type;RENCONTRES_DU_TROISIEME_TYPE_1977.jpg;;https://theposterdb.com/search?term=Rencontres%20du%20troisi%C3%A8me%20type%201977
LES_OISEAUX_1963;Les Oiseaux;1963;Alfred Hitchcock;OK;tmdb;571;Les Oiseaux;LES_OISEAUX_1963.jpg;;https://theposterdb.com/search?term=Les%20Oiseaux%201963
JOHNNY_GUITAR_1954;Johnny Guitar;1954;Nicholas Ray;OK;tmdb;26596;Johnny Guitare;JOHNNY_GUITAR_1954.jpg;;https://theposterdb.com/search?term=Johnny%20Guitar%201954
LA_COULEUR_DE_LA_GRENADE_1969_PARAJANOV;La Couleur de la grenade;1969;Sergei Parajanov;OK;tmdb;26302;Sayat Nova : La Couleur de la grenade;LA_COULEUR_DE_LA_GRENADE_1969_PARAJANOV.jpg;;https://theposterdb.com/search?term=La%20Couleur%20de%20la%20grenade%201969
LA_TERRE_1930_DOVZHENKO;La Terre;1930;Alexander Dovzhenko;OK;tmdb;46594;La Terre;LA_TERRE_1930_DOVZHENKO.jpg;;https://theposterdb.com/search?term=La%20Terre%201930
PARIS_TEXAS_1984;Paris, Texas;1984;Wim Wenders;OK;tmdb;655;Paris, Texas;PARIS_TEXAS_1984.jpg;;https://theposterdb.com/search?term=Paris%2C%20Texas%201984
LE_FLEUVE_1951;Le Fleuve;1951;Jean Renoir;OK;tmdb;45218;Le Fleuve;LE_FLEUVE_1951.jpg;;https://theposterdb.com/search?term=Le%20Fleuve%201951
THE_TREE_OF_LIFE_2011;The Tree of Life;2011;Terrence Malick;OK;tmdb;8967;L'arbre de la vie;THE_TREE_OF_LIFE_2011.jpg;;https://theposterdb.com/search?term=The%20Tree%20of%20Life%202011
FALSTAFF_1965;Falstaff;1965;Orson Welles;OK;tmdb;986;Falstaff;FALSTAFF_1965.jpg;;https://theposterdb.com/search?term=Falstaff%201965
LE_NARCISSE_NOIR_1947;Le Narcisse noir;1947;Michael Powell;OK;tmdb;16391;Le Narcisse noir;LE_NARCISSE_NOIR_1947.jpg;;https://theposterdb.com/search?term=Le%20Narcisse%20noir%201947
LES_GLANEURS_ET_LA_GLANEUSE_2000;Les Glaneurs et la Glaneuse;2000;Agnès Varda;OK;tmdb;44379;Les Glaneurs et la Glaneuse;LES_GLANEURS_ET_LA_GLANEUSE_2000.jpg;;https://theposterdb.com/search?term=Les%20Glaneurs%20et%20la%20Glaneuse%202000
LA_NUIT_1961;La Nuit;1961;Michelangelo Antonioni;OK;tmdb;41050;La Nuit;LA_NUIT_1961.jpg;;https://theposterdb.com/search?term=La%20Nuit%201961
LES_NUITS_DE_CABIRIA_1957;Les Nuits de Cabiria;1957;Federico Fellini;OK;tmdb;19426;Les Nuits de Cabiria;LES_NUITS_DE_CABIRIA_1957.jpg;;https://theposterdb.com/search?term=Les%20Nuits%20de%20Cabiria%201957
ROCCO_ET_SES_FRERES_1960;Rocco et ses frères;1960;Luchino Visconti;OK;tmdb;8422;Rocco et ses frères;ROCCO_ET_SES_FRERES_1960.jpg;;https://theposterdb.com/search?term=Rocco%20et%20ses%20fr%C3%A8res%201960
PRINTEMPS_DANS_UNE_PETITE_VILLE_1948_MU;Printemps dans une petite ville;1948;Fei Mu;OK;tmdb;21058;Printemps dans une petite ville;PRINTEMPS_DANS_UNE_PETITE_VILLE_1948_MU.jpg;;https://theposterdb.com/search?term=Printemps%20dans%20une%20petite%20ville%201948
SALO_OU_LES_120_JOURNEES_DE_SODOME_1975;Salò ou les 120 Journées de Sodome;1975;Pier Paolo Pasolini;OK;tmdb;5336;Salò ou les 120 Journées de Sodome;SALO_OU_LES_120_JOURNEES_DE_SODOME_1975.jpg;;https://theposterdb.com/search?term=Sal%C3%B2%20ou%20les%20120%20Journ%C3%A9es%20de%20Sodome%201975
LADY_EVE_1941;Lady Ève;1941;Preston Sturges;OK;tmdb;3086;Un cœur pris au piège;LADY_EVE_1941.jpg;;https://theposterdb.com/search?term=Lady%20%C3%88ve%201941
LA_CITE_DES_DOULEURS_1989_HSIAO_HSIEN;La Cité des douleurs;1989;Hou Hsiao-hsien;OK;tmdb;49982;La Cité des douleurs;LA_CITE_DES_DOULEURS_1989_HSIAO_HSIEN.jpg;;https://theposterdb.com/search?term=La%20Cit%C3%A9%20des%20douleurs%201989
NEWS_FROM_HOME_1976;News from Home;1976;Chantal Akerman;OK;tmdb;86814;News from Home;NEWS_FROM_HOME_1976.jpg;;https://theposterdb.com/search?term=News%20from%20Home%201976
THE_THING_1982;The Thing;1982;John Carpenter;OK;tmdb;1091;L'effroyable Chose;THE_THING_1982.jpg;;https://theposterdb.com/search?term=The%20Thing%201982
SANS_TOIT_NI_LOI_1985;Sans toit ni loi;1985;Agnès Varda;OK;tmdb;44018;Sans toit ni loi;SANS_TOIT_NI_LOI_1985.jpg;;https://theposterdb.com/search?term=Sans%20toit%20ni%20loi%201985
LE_DICTATEUR_1940;Le Dictateur;1940;Charles Chaplin;OK;tmdb;914;Le Dictateur;LE_DICTATEUR_1940.jpg;;https://theposterdb.com/search?term=Le%20Dictateur%201940
MAGNOLIA_1999;Magnolia;1999;Paul Thomas Anderson;OK;tmdb;334;Magnolia;MAGNOLIA_1999.jpg;;https://theposterdb.com/search?term=Magnolia%201999
MORT_A_VENISE_1971;Mort à Venise;1971;Luchino Visconti;OK;tmdb;6619;Mort à Venise;MORT_A_VENISE_1971.jpg;;https://theposterdb.com/search?term=Mort%20%C3%A0%20Venise%201971
COLONEL_BLIMP_1943;Colonel Blimp;1943;Michael Powell;OK;tmdb;25037;Colonel Blimp;COLONEL_BLIMP_1943.jpg;;https://theposterdb.com/search?term=Colonel%20Blimp%201943
MOONLIGHT_2016;Moonlight;2016;Barry Jenkins;OK;tmdb;376867;Moonlight : L'histoire d'une vie;MOONLIGHT_2016.jpg;;https://theposterdb.com/search?term=Moonlight%202016
BREAKING_THE_WAVES_1996;Breaking the Waves;1996;Lars von Trier;OK;tmdb;145;Breaking the Waves;BREAKING_THE_WAVES_1996.jpg;;https://theposterdb.com/search?term=Breaking%20the%20Waves%201996
SOLARIS_1972_TARKOVSKY;Solaris;1972;Andrei Tarkovsky;OK;tmdb;593;Solaris;SOLARIS_1972_TARKOVSKY.jpg;;https://theposterdb.com/search?term=Solaris%201972
L_HOMME_TRANQUILLE_1952;L'Homme tranquille;1952;John Ford;OK;tmdb;3109;L'Homme tranquille;L_HOMME_TRANQUILLE_1952.jpg;;https://theposterdb.com/search?term=L%27Homme%20tranquille%201952
BRAZIL_1985;Brazil;1985;Terry Gilliam;OK;tmdb;68;Brazil;BRAZIL_1985.jpg;;https://theposterdb.com/search?term=Brazil%201985
ZERO_DE_CONDUITE_1933;Zéro de conduite;1933;Jean Vigo;OK;tmdb;44494;0 de conduite;ZERO_DE_CONDUITE_1933.jpg;;https://theposterdb.com/search?term=Z%C3%A9ro%20de%20conduite%201933
THE_BIG_LEBOWSKI_1998;The Big Lebowski;1998;Joel Coen;OK;tmdb;115;Le grand Lebowski;THE_BIG_LEBOWSKI_1998.jpg;;https://theposterdb.com/search?term=The%20Big%20Lebowski%201998
ETERNAL_SUNSHINE_OF_THE_SPOTLESS_MIND_2004;Eternal Sunshine of the Spotless Mind;2004;Michel Gondry;OK;tmdb;38;Du soleil plein la tête;ETERNAL_SUNSHINE_OF_THE_SPOTLESS_MIND_2004.jpg;;https://theposterdb.com/search?term=Eternal%20Sunshine%20of%20the%20Spotless%20Mind%202004
PARASITE_2019_JOON_HO;Parasite;2019;Bong Joon-ho;OK;tmdb;496243;Parasite;PARASITE_2019_JOON_HO.jpg;;https://theposterdb.com/search?term=Parasite%202019
LES_VOYAGES_DE_SULLIVAN_1941;Les Voyages de Sullivan;1941;Preston Sturges;OK;tmdb;16305;Les Voyages de Sullivan;LES_VOYAGES_DE_SULLIVAN_1941.jpg;;https://theposterdb.com/search?term=Les%20Voyages%20de%20Sullivan%201941
RETOUR_VERS_LE_FUTUR_1985;Retour vers le futur;1985;Robert Zemeckis;OK;tmdb;105;Retour vers le futur;RETOUR_VERS_LE_FUTUR_1985.jpg;;https://theposterdb.com/search?term=Retour%20vers%20le%20futur%201985
MATRIX_1999;Matrix;1999;Lana Wachowski;OK;tmdb;603;Matrix;MATRIX_1999.jpg;;https://theposterdb.com/search?term=Matrix%201999
MCCABE_AND_MRS_MILLER_1971;McCabe and Mrs. Miller;1971;Robert Altman;OK;tmdb;29005;John McCabe;MCCABE_AND_MRS_MILLER_1971.jpg;;https://theposterdb.com/search?term=McCabe%20and%20Mrs.%20Miller%201971
LOVE_STREAMS_1984;Love Streams;1984;John Cassavetes;OK;tmdb;52109;Torrents d'amour;LOVE_STREAMS_1984.jpg;;https://theposterdb.com/search?term=Love%20Streams%201984
LE_DESERT_ROUGE_1964;Le Désert rouge;1964;Michelangelo Antonioni;OK;tmdb;26638;Le Désert rouge;LE_DESERT_ROUGE_1964.jpg;;https://theposterdb.com/search?term=Le%20D%C3%A9sert%20rouge%201964
IVAN_LE_TERRIBLE_2E_PARTIE_1946;Ivan le Terrible, 2e partie;1946;Sergei Eisenstein;NOT_FOUND;tpdb_manual;;;;aucun match TMDB assez sûr;https://theposterdb.com/search?term=Ivan%20le%20Terrible%2C%202e%20partie%201946
TOUS_EN_SCENE_1953;Tous en scène;1953;Vincente Minnelli;OK;tmdb;29376;Tous en scène !;TOUS_EN_SCENE_1953.jpg;;https://theposterdb.com/search?term=Tous%20en%20sc%C3%A8ne%201953
LE_LAUREAT_1967;Le Lauréat;1967;Mike Nichols;OK;tmdb;37247;Le Lauréat;LE_LAUREAT_1967.jpg;;https://theposterdb.com/search?term=Le%20Laur%C3%A9at%201967
LA_LISTE_DE_SCHINDLER_1993;La Liste de Schindler;1993;Steven Spielberg;OK;tmdb;424;La Liste de Schindler;LA_LISTE_DE_SCHINDLER_1993.jpg;;https://theposterdb.com/search?term=La%20Liste%20de%20Schindler%201993
CACHE_2005;Caché;2005;Michael Haneke;OK;tmdb;445;Caché;CACHE_2005.jpg;;https://theposterdb.com/search?term=Cach%C3%A9%202005
PERFORMANCE_1970;Performance;1970;Nicolas Roeg;OK;tmdb;26606;Vanilla;PERFORMANCE_1970.jpg;;https://theposterdb.com/search?term=Performance%201970
L_EXORCISTE_1973;L'Exorciste;1973;William Friedkin;OK;tmdb;9552;L'Exorciste;L_EXORCISTE_1973.jpg;;https://theposterdb.com/search?term=L%27Exorciste%201973
HEAT_1995;Heat;1995;Michael Mann;OK;tmdb;949;Tension;HEAT_1995.jpg;;https://theposterdb.com/search?term=Heat%201995
MEET_ME_IN_ST_LOUIS_1944;Meet Me in St. Louis;1944;Vincente Minnelli;OK;tmdb;909;Le Chant du Missouri;MEET_ME_IN_ST_LOUIS_1944.jpg;;https://theposterdb.com/search?term=Meet%20Me%20in%20St.%20Louis%201944
LA_LIGNE_ROUGE_1998;La Ligne rouge;1998;Terrence Malick;OK;tmdb;8741;La Ligne rouge;LA_LIGNE_ROUGE_1998.jpg;;https://theposterdb.com/search?term=La%20Ligne%20rouge%201998
CINEMA_PARADISO_1988;Cinema Paradiso;1988;Giuseppe Tornatore;OK;tmdb;11216;Cinema Paradiso;CINEMA_PARADISO_1988.jpg;;https://theposterdb.com/search?term=Cinema%20Paradiso%201988
DAUGHTERS_OF_THE_DUST_1991;Daughters of the Dust;1991;Julie Dash;OK;tmdb;68427;Daughters of the Dust;DAUGHTERS_OF_THE_DUST_1991.jpg;;https://theposterdb.com/search?term=Daughters%20of%20the%20Dust%201991
BELLE_DE_JOUR_1967;Belle de jour;1967;Luis Buñuel;OK;tmdb;649;Belle de jour;BELLE_DE_JOUR_1967.jpg;;https://theposterdb.com/search?term=Belle%20de%20jour%201967
LE_RAYON_VERT_1986;Le Rayon vert;1986;Eric Rohmer;OK;tmdb;54898;Le Rayon vert;LE_RAYON_VERT_1986.jpg;;https://theposterdb.com/search?term=Le%20Rayon%20vert%201986
EYES_WIDE_SHUT_1999;Eyes Wide Shut;1999;Stanley Kubrick;OK;tmdb;345;Les yeux grand fermés;EYES_WIDE_SHUT_1999.jpg;;https://theposterdb.com/search?term=Eyes%20Wide%20Shut%201999
LE_BOURREAU_1963;Le Bourreau;1963;Luis García Berlanga;OK;tmdb;4498;Le Bourreau;LE_BOURREAU_1963.jpg;;https://theposterdb.com/search?term=Le%20Bourreau%201963
FARGO_1996;Fargo;1996;Joel Coen;OK;tmdb;275;Fargo;FARGO_1996.jpg;;https://theposterdb.com/search?term=Fargo%201996
JOURNAL_D_UN_CURE_DE_CAMPAGNE_1951;Journal d'un curé de campagne;1951;Robert Bresson;OK;tmdb;43376;Journal d'un curé de campagne;JOURNAL_D_UN_CURE_DE_CAMPAGNE_1951.jpg;;https://theposterdb.com/search?term=Journal%20d%27un%20cur%C3%A9%20de%20campagne%201951
LE_TRESOR_DE_LA_SIERRA_MADRE_1948;Le Trésor de la Sierra Madre;1948;John Huston;OK;tmdb;3090;Le Trésor de la Sierra Madre;LE_TRESOR_DE_LA_SIERRA_MADRE_1948.jpg;;https://theposterdb.com/search?term=Le%20Tr%C3%A9sor%20de%20la%20Sierra%20Madre%201948
VERITES_ET_MENSONGES_1973;Vérités et Mensonges;1973;Orson Welles;OK;tmdb;43003;? – About Fakes;VERITES_ET_MENSONGES_1973.jpg;;https://theposterdb.com/search?term=V%C3%A9rit%C3%A9s%20et%20Mensonges%201973
TABU_1931;Tabu;1931;F.W. Murnau;OK;tmdb;977;Tabou;TABU_1931.jpg;;https://theposterdb.com/search?term=Tabu%201931
NUIT_ET_BROUILLARD_1955;Nuit et Brouillard;1955;Alain Resnais;OK;tmdb;803;Nuit et Brouillard;NUIT_ET_BROUILLARD_1955.jpg;;https://theposterdb.com/search?term=Nuit%20et%20Brouillard%201955
LA_CIENAGA_2001;La Ciénaga;2001;Lucrecia Martel;OK;tmdb;58429;La Ciénaga;LA_CIENAGA_2001.jpg;;https://theposterdb.com/search?term=La%20Ci%C3%A9naga%202001
LE_GRAND_CHANTAGE_1957;Le Grand Chantage;1957;Alexander Mackendrick;OK;tmdb;976;Le Grand Chantage;LE_GRAND_CHANTAGE_1957.jpg;;https://theposterdb.com/search?term=Le%20Grand%20Chantage%201957
QUE_LE_SPECTACLE_COMMENCE_1979;Que le spectacle commence;1979;Bob Fosse;OK;tmdb;16858;Que le spectacle commence !;QUE_LE_SPECTACLE_COMMENCE_1979.jpg;;https://theposterdb.com/search?term=Que%20le%20spectacle%20commence%201979
UN_JOUR_SANS_FIN_1993;Un jour sans fin;1993;Harold Ramis;OK;tmdb;137;Un jour sans fin;UN_JOUR_SANS_FIN_1993.jpg;;https://theposterdb.com/search?term=Un%20jour%20sans%20fin%201993
RENDEZ_VOUS_1940;Rendez-vous;1940;Ernst Lubitsch;OK;tmdb;20334;Rendez-vous;RENDEZ_VOUS_1940.jpg;;https://theposterdb.com/search?term=Rendez-vous%201940
LES_SENTIERS_DE_LA_GLOIRE_1957;Les Sentiers de la gloire;1957;Stanley Kubrick;OK;tmdb;975;Les Sentiers de la gloire;LES_SENTIERS_DE_LA_GLOIRE_1957.jpg;;https://theposterdb.com/search?term=Les%20Sentiers%20de%20la%20gloire%201957
L_ASCENSION_1977_SHEPITKO;L'Ascension;1977;Larisa Shepitko;OK;tmdb;50183;L'Ascension;L_ASCENSION_1977_SHEPITKO.jpg;;https://theposterdb.com/search?term=L%27Ascension%201977
LE_CONTE_DU_CHRYSANTHEME_TARDIF_1939;Le Conte du chrysanthème tardif;1939;Kenji Mizoguchi;NOT_FOUND;tpdb_manual;;;;aucun match TMDB assez sûr;https://theposterdb.com/search?term=Le%20Conte%20du%20chrysanth%C3%A8me%20tardif%201939
GOODBYE_DRAGON_INN_2003;Goodbye, Dragon Inn;2003;Tsai Ming-liang;OK;tmdb;56616;Goodbye, Dragon Inn;GOODBYE_DRAGON_INN_2003.jpg;;https://theposterdb.com/search?term=Goodbye%2C%20Dragon%20Inn%202003
INDIA_SONG_1975;India Song;1975;Marguerite Duras;OK;tmdb;85927;India Song;INDIA_SONG_1975.jpg;;https://theposterdb.com/search?term=India%20Song%201975
L_ARMEE_DES_OMBRES_1969;L'Armée des ombres;1969;Jean-Pierre Melville;OK;tmdb;15383;L'armée des ombres;L_ARMEE_DES_OMBRES_1969.jpg;;https://theposterdb.com/search?term=L%27Arm%C3%A9e%20des%20ombres%201969
2_OU_3_CHOSES_QUE_JE_SAIS_D_ELLE_1967;2 ou 3 choses que je sais d'elle;1967;Jean-Luc Godard;OK;tmdb;8074;Deux ou trois choses que je sais d'elle;2_OU_3_CHOSES_QUE_JE_SAIS_D_ELLE_1967.jpg;;https://theposterdb.com/search?term=2%20ou%203%20choses%20que%20je%20sais%20d%27elle%201967
TOUT_CE_QUE_LE_CIEL_PERMET_1955;Tout ce que le ciel permet;1955;Douglas Sirk;OK;tmdb;43316;Tout ce que le ciel permet;TOUT_CE_QUE_LE_CIEL_PERMET_1955.jpg;;https://theposterdb.com/search?term=Tout%20ce%20que%20le%20ciel%20permet%201955
LE_SACRIFICE_1986;Le Sacrifice;1986;Andrei Tarkovsky;OK;tmdb;24657;Le Sacrifice;LE_SACRIFICE_1986.jpg;;https://theposterdb.com/search?term=Le%20Sacrifice%201986
CABARET_1972;Cabaret;1972;Bob Fosse;OK;tmdb;10784;Adieu Berlin;CABARET_1972.jpg;;https://theposterdb.com/search?term=Cabaret%201972
TROIS_COULEURS_ROUGE_1994;Trois couleurs : Rouge;1994;Krzysztof Kieslowski;OK;tmdb;110;Trois couleurs : Rouge;TROIS_COULEURS_ROUGE_1994.jpg;;https://theposterdb.com/search?term=Trois%20couleurs%20%3A%20Rouge%201994
IMPITOYABLE_1992;Impitoyable;1992;Clint Eastwood;OK;tmdb;33;Impitoyable;IMPITOYABLE_1992.jpg;;https://theposterdb.com/search?term=Impitoyable%201992
MEAN_STREETS_1973;Mean Streets;1973;Martin Scorsese;OK;tmdb;203;Mean Streets;MEAN_STREETS_1973.jpg;;https://theposterdb.com/search?term=Mean%20Streets%201973
DISTANT_VOICES_STILL_LIVES_1988;Distant Voices, Still Lives;1988;Terence Davies;OK;tmdb;41799;Distant Voices, Still Lives;DISTANT_VOICES_STILL_LIVES_1988.jpg;;https://theposterdb.com/search?term=Distant%20Voices%2C%20Still%20Lives%201988
HAPPY_TOGETHER_1997_KAR_WAI;Happy Together;1997;Wong Kar-wai;OK;tmdb;18329;Happy Together;HAPPY_TOGETHER_1997_KAR_WAI.jpg;;https://theposterdb.com/search?term=Happy%20Together%201997
L_EMPIRE_CONTRE_ATTAQUE_1980;L'Empire contre-attaque;1980;Irvin Kershner;OK;tmdb;1891;L'Empire contre-attaque;L_EMPIRE_CONTRE_ATTAQUE_1980.jpg;;https://theposterdb.com/search?term=L%27Empire%20contre-attaque%201980
TERRE_EN_TRANSE_1967;Terre en transe;1967;Glauber Rocha;OK;tmdb;67062;Terre en transe;TERRE_EN_TRANSE_1967.jpg;;https://theposterdb.com/search?term=Terre%20en%20transe%201967
LES_VACANCES_DE_M_HULOT_1953;Les Vacances de M. Hulot;1953;Jacques Tati;OK;tmdb;778;Les Vacances de monsieur Hulot;LES_VACANCES_DE_M_HULOT_1953.jpg;;https://theposterdb.com/search?term=Les%20Vacances%20de%20M.%20Hulot%201953
NUAGES_FLOTTANTS_1955;Nuages flottants;1955;Mikio Naruse;OK;tmdb;77285;Nuages flottants;NUAGES_FLOTTANTS_1955.jpg;;https://theposterdb.com/search?term=Nuages%20flottants%201955
FREAKS_1932;Freaks;1932;Tod Browning;OK;tmdb;136;Freaks, la monstrueuse parade;FREAKS_1932.jpg;;https://theposterdb.com/search?term=Freaks%201932
MACADAM_COWBOY_1969;Macadam Cowboy;1969;John Schlesinger;OK;tmdb;3116;Macadam Cowboy;MACADAM_COWBOY_1969.jpg;;https://theposterdb.com/search?term=Macadam%20Cowboy%201969
NANOUK_L_ESQUIMAU_1922;Nanouk l'Esquimau;1922;Robert J. Flaherty;OK;tmdb;669;Nanouk l'Esquimau;NANOUK_L_ESQUIMAU_1922.jpg;;https://theposterdb.com/search?term=Nanouk%20l%27Esquimau%201922
FACES_1968;Faces;1968;John Cassavetes;OK;tmdb;753;Faces;FACES_1968.jpg;;https://theposterdb.com/search?term=Faces%201968
MELANCHOLIA_2011;Melancholia;2011;Lars von Trier;OK;tmdb;62215;Melancholia;MELANCHOLIA_2011.jpg;;https://theposterdb.com/search?term=Melancholia%202011
AMADEUS_1984;Amadeus;1984;Milos Forman;OK;tmdb;279;Amadeus (Director's Cut);AMADEUS_1984.jpg;;https://theposterdb.com/search?term=Amadeus%201984
THE_KING_OF_COMEDY_1982;The King of Comedy;1982;Martin Scorsese;OK;tmdb;262;La Valse des pantins;THE_KING_OF_COMEDY_1982.jpg;;https://theposterdb.com/search?term=The%20King%20of%20Comedy%201982
L_EMPIRE_DES_SENS_1976;L'Empire des sens;1976;Nagisa Oshima;OK;tmdb;5879;L'Empire des sens;L_EMPIRE_DES_SENS_1976.jpg;;https://theposterdb.com/search?term=L%27Empire%20des%20sens%201976
MONSIEUR_VERDOUX_1947;Monsieur Verdoux;1947;Charles Chaplin;OK;tmdb;30588;Monsieur Verdoux;MONSIEUR_VERDOUX_1947.jpg;;https://theposterdb.com/search?term=Monsieur%20Verdoux%201947
HAROLD_ET_MAUDE_1971;Harold et Maude;1971;Hal Ashby;OK;tmdb;343;Harold et Maude;HAROLD_ET_MAUDE_1971.jpg;;https://theposterdb.com/search?term=Harold%20et%20Maude%201971
HUSBANDS_1970;Husbands;1970;John Cassavetes;OK;tmdb;52105;Husbands;HUSBANDS_1970.jpg;;https://theposterdb.com/search?term=Husbands%201970
LOLA_MONTES_1955;Lola Montès;1955;Max Ophüls;OK;tmdb;35987;Lola Montès;LOLA_MONTES_1955.jpg;;https://theposterdb.com/search?term=Lola%20Mont%C3%A8s%201955
PYAASA_1957;Pyaasa;1957;Guru Dutt;OK;tmdb;41053;L'Assoiffé;PYAASA_1957.jpg;;https://theposterdb.com/search?term=Pyaasa%201957
INDISCRETIONS_1940;Indiscrétions;1940;George Cukor;OK;tmdb;981;Indiscrétions;INDISCRETIONS_1940.jpg;;https://theposterdb.com/search?term=Indiscr%C3%A9tions%201940
UN_APRES_MIDI_DE_CHIEN_1975;Un après-midi de chien;1975;Sidney Lumet;OK;tmdb;968;Un après-midi de chien;UN_APRES_MIDI_DE_CHIEN_1975.jpg;;https://theposterdb.com/search?term=Un%20apr%C3%A8s-midi%20de%20chien%201975
A_CANTERBURY_TALE_1944;A Canterbury Tale;1944;Michael Powell;OK;tmdb;15696;A Canterbury Tale;A_CANTERBURY_TALE_1944.jpg;;https://theposterdb.com/search?term=A%20Canterbury%20Tale%201944
LE_KID_1921;Le Kid;1921;Charles Chaplin;OK;tmdb;10098;Le Kid;LE_KID_1921.jpg;;https://theposterdb.com/search?term=Le%20Kid%201921
LES_DEMOISELLES_DE_ROCHEFORT_1967;Les Demoiselles de Rochefort;1967;Jacques Demy;OK;tmdb;2433;Les Demoiselles de Rochefort;LES_DEMOISELLES_DE_ROCHEFORT_1967.jpg;;https://theposterdb.com/search?term=Les%20Demoiselles%20de%20Rochefort%201967
WEST_SIDE_STORY_1961;West Side Story;1961;Robert Wise;OK;tmdb;1725;West Side Story;WEST_SIDE_STORY_1961.jpg;;https://theposterdb.com/search?term=West%20Side%20Story%201961
MAD_MAX_FURY_ROAD_2015;Mad Max: Fury Road;2015;George Miller;OK;tmdb;76341;Mad Max : Fury Road;MAD_MAX_FURY_ROAD_2015.jpg;;https://theposterdb.com/search?term=Mad%20Max%3A%20Fury%20Road%202015
TIE_XI_QU_WEST_OF_THE_TRACKS_2002;Tie Xi Qu: West of the Tracks;2002;Wang Bing;NOT_FOUND;tpdb_manual;;;;aucun match TMDB assez sûr;https://theposterdb.com/search?term=Tie%20Xi%20Qu%3A%20West%20of%20the%20Tracks%202002
BONNIE_AND_CLYDE_1967;Bonnie and Clyde;1967;Arthur Penn;OK;tmdb;475;Bonnie et Clyde;BONNIE_AND_CLYDE_1967.jpg;;https://theposterdb.com/search?term=Bonnie%20and%20Clyde%201967
SOME_CAME_RUNNING_1958;Some Came Running;1958;Vincente Minnelli;OK;tmdb;38724;Comme un torrent;SOME_CAME_RUNNING_1958.jpg;;https://theposterdb.com/search?term=Some%20Came%20Running%201958
GET_OUT_2017;Get Out;2017;Jordan Peele;OK;tmdb;419430;Get Out;GET_OUT_2017.jpg;;https://theposterdb.com/search?term=Get%20Out%202017
THE_TIME_TO_LIVE_AND_THE_TIME_TO_DIE_1985;The Time to Live and the Time to Die;1985;Hou Hsiao-hsien;OK;tmdb;45999;Un temps pour vivre, un temps pour mourir;THE_TIME_TO_LIVE_AND_THE_TIME_TO_DIE_1985.jpg;;https://theposterdb.com/search?term=The%20Time%20to%20Live%20and%20the%20Time%20to%20Die%201985
UNDERGROUND_1995;Underground;1995;Emir Kusturica;OK;tmdb;11902;Underground;UNDERGROUND_1995.jpg;;https://theposterdb.com/search?term=Underground%201995
L_ARBRE_AUX_SABOTS_1978;L'Arbre aux sabots;1978;Ermanno Olmi;OK;tmdb;31542;L'Arbre aux sabots;L_ARBRE_AUX_SABOTS_1978.jpg;;https://theposterdb.com/search?term=L%27Arbre%20aux%20sabots%201978
LA_DOUBLE_VIE_DE_VERONIQUE_1991;La Double Vie de Véronique;1991;Krzysztof Kieslowski;OK;tmdb;1600;La Double Vie de Véronique;LA_DOUBLE_VIE_DE_VERONIQUE_1991.jpg;;https://theposterdb.com/search?term=La%20Double%20Vie%20de%20V%C3%A9ronique%201991
ALIENS_1986;Aliens;1986;James Cameron;OK;tmdb;679;Aliens, le retour;ALIENS_1986.jpg;;https://theposterdb.com/search?term=Aliens%201986
LA_DERNIERE_SEANCE_1971;La Dernière Séance;1971;Peter Bogdanovich;OK;tmdb;25188;La Dernière Séance;LA_DERNIERE_SEANCE_1971.jpg;;https://theposterdb.com/search?term=La%20Derni%C3%A8re%20S%C3%A9ance%201971
ELEPHANT_MAN_1980;Elephant Man;1980;David Lynch;OK;tmdb;1955;Elephant Man;ELEPHANT_MAN_1980.jpg;;https://theposterdb.com/search?term=Elephant%20Man%201980
WEEK_END_1967;Week-end;1967;Jean-Luc Godard;OK;tmdb;8075;Week-end;WEEK_END_1967.jpg;;https://theposterdb.com/search?term=Week-end%201967
OPENING_NIGHT_1977;Opening Night;1977;John Cassavetes;OK;tmdb;33665;Opening Night;OPENING_NIGHT_1977.jpg;;https://theposterdb.com/search?term=Opening%20Night%201977
A_TOUCH_OF_ZEN_1971_HU;A Touch of Zen;1971;King Hu;OK;tmdb;44154;A Touch of Zen;A_TOUCH_OF_ZEN_1971_HU.jpg;;https://theposterdb.com/search?term=A%20Touch%20of%20Zen%201971
LE_MAITRE_DE_MARIONNETTES_1993;Le Maître de marionnettes;1993;Hou Hsiao-hsien;OK;tmdb;96712;Le Maître de marionnettes;LE_MAITRE_DE_MARIONNETTES_1993.jpg;;https://theposterdb.com/search?term=Le%20Ma%C3%AEtre%20de%20marionnettes%201993
LE_SILENCE_DES_AGNEAUX_1991;Le Silence des agneaux;1991;Jonathan Demme;OK;tmdb;274;Le Silence des agneaux;LE_SILENCE_DES_AGNEAUX_1991.jpg;;https://theposterdb.com/search?term=Le%20Silence%20des%20agneaux%201991
LA_NUIT_DES_MORTS_VIVANTS_1968;La Nuit des morts-vivants;1968;George A. Romero;OK;tmdb;10331;La Nuit des morts-vivants;LA_NUIT_DES_MORTS_VIVANTS_1968.jpg;;https://theposterdb.com/search?term=La%20Nuit%20des%20morts-vivants%201968
LE_DERNIER_TANGO_A_PARIS_1972;Le Dernier Tango à Paris;1972;Bernardo Bertolucci;OK;tmdb;1643;Le Dernier Tango à Paris;LE_DERNIER_TANGO_A_PARIS_1972.jpg;;https://theposterdb.com/search?term=Le%20Dernier%20Tango%20%C3%A0%20Paris%201972
LE_CHEVAL_DE_TURIN_2011;Le Cheval de Turin;2011;Béla Tarr;OK;tmdb;81401;Le Cheval de Turin;LE_CHEVAL_DE_TURIN_2011.jpg;;https://theposterdb.com/search?term=Le%20Cheval%20de%20Turin%202011
QU_ELLE_ETAIT_VERTE_MA_VALLEE_1941;Qu'elle était verte ma vallée;1941;John Ford;OK;tmdb;43266;Qu'elle était verte ma vallée;QU_ELLE_ETAIT_VERTE_MA_VALLEE_1941.jpg;;https://theposterdb.com/search?term=Qu%27elle%20%C3%A9tait%20verte%20ma%20vall%C3%A9e%201941
ECRIT_SUR_DU_VENT_1956;Écrit sur du vent;1956;Douglas Sirk;OK;tmdb;69605;Écrit sur du vent;ECRIT_SUR_DU_VENT_1956.jpg;;https://theposterdb.com/search?term=%C3%89crit%20sur%20du%20vent%201956
EL_1953;El;1953;Luis Buñuel;OK;tmdb;43344;El (Tourments);EL_1953.jpg;;https://theposterdb.com/search?term=El%201953
SAFE_1995;Safe;1995;Todd Haynes;OK;tmdb;32646;Safe;SAFE_1995.jpg;;https://theposterdb.com/search?term=Safe%201995
LE_VOYEUR_1960;Le Voyeur;1960;Michael Powell;OK;tmdb;11167;Le Voyeur;LE_VOYEUR_1960.jpg;;https://theposterdb.com/search?term=Le%20Voyeur%201960
LES_HOMMES_DU_PRESIDENT_1976;Les Hommes du président;1976;Alan J. Pakula;OK;tmdb;891;Les Hommes du Président;LES_HOMMES_DU_PRESIDENT_1976.jpg;;https://theposterdb.com/search?term=Les%20Hommes%20du%20pr%C3%A9sident%201976
LE_SONGE_DE_LA_LUMIERE_1992;Le Songe de la lumière;1992;Víctor Erice;OK;tmdb;94706;Le songe de la lumière;LE_SONGE_DE_LA_LUMIERE_1992.jpg;;https://theposterdb.com/search?term=Le%20Songe%20de%20la%20lumi%C3%A8re%201992
PLACE_AUX_JEUNES_1937;Place aux jeunes;1937;Leo McCarey;OK;tmdb;41059;Place aux jeunes;PLACE_AUX_JEUNES_1937.jpg;;https://theposterdb.com/search?term=Place%20aux%20jeunes%201937
LA_PORTE_DU_PARADIS_1980;La Porte du paradis;1980;Michael Cimino;OK;tmdb;10935;La Porte du paradis;LA_PORTE_DU_PARADIS_1980.jpg;;https://theposterdb.com/search?term=La%20Porte%20du%20paradis%201980
THE_KILLING_OF_A_CHINESE_BOOKIE_1976;The Killing of a Chinese Bookie;1976;John Cassavetes;OK;tmdb;32040;Meurtre d'un bookmaker chinois;THE_KILLING_OF_A_CHINESE_BOOKIE_1976.jpg;;https://theposterdb.com/search?term=The%20Killing%20of%20a%20Chinese%20Bookie%201976
MURIEL_1963;Muriel;1963;Alain Resnais;OK;tmdb;54563;Muriel;MURIEL_1963.jpg;;https://theposterdb.com/search?term=Muriel%201963
AU_FIL_DES_OLIVIERS_1994;Au fil des oliviers;1994;Abbas Kiarostami;NOT_FOUND;tpdb_manual;;;;aucun match TMDB assez sûr;https://theposterdb.com/search?term=Au%20fil%20des%20oliviers%201994
PAS_DE_PRINTEMPS_POUR_MARNIE_1964;Pas de printemps pour Marnie;1964;Alfred Hitchcock;OK;tmdb;506;Pas de printemps pour Marnie;PAS_DE_PRINTEMPS_POUR_MARNIE_1964.jpg;;https://theposterdb.com/search?term=Pas%20de%20printemps%20pour%20Marnie%201964
THIS_IS_SPINAL_TAP_1984;This Is Spinal Tap;1984;Rob Reiner;OK;tmdb;11031;Spinal Tap;THIS_IS_SPINAL_TAP_1984.jpg;;https://theposterdb.com/search?term=This%20Is%20Spinal%20Tap%201984
LE_RUBAN_BLANC_2009;Le Ruban blanc;2009;Michael Haneke;OK;tmdb;37903;Le Ruban blanc;LE_RUBAN_BLANC_2009.jpg;;https://theposterdb.com/search?term=Le%20Ruban%20blanc%202009
TWO_LANE_BLACKTOP_1971;Two-Lane Blacktop;1971;Monte Hellman;OK;tmdb;27236;Macadam à deux voies;TWO_LANE_BLACKTOP_1971.jpg;;https://theposterdb.com/search?term=Two-Lane%20Blacktop%201971
ELLE_ET_LUI_1957;Elle et lui;1957;Leo McCarey;OK;tmdb;8356;Elle et lui;ELLE_ET_LUI_1957.jpg;;https://theposterdb.com/search?term=Elle%20et%20lui%201957
TEOREMA_1968;Teorema;1968;Pier Paolo Pasolini;OK;tmdb;5335;Théorème;TEOREMA_1968.jpg;;https://theposterdb.com/search?term=Teorema%201968
LOST_HIGHWAY_1997;Lost Highway;1997;David Lynch;OK;tmdb;638;Lost Highway;LOST_HIGHWAY_1997.jpg;;https://theposterdb.com/search?term=Lost%20Highway%201997
STRANGER_THAN_PARADISE_1984;Stranger Than Paradise;1984;Jim Jarmusch;OK;tmdb;469;Stranger Than Paradise;STRANGER_THAN_PARADISE_1984.jpg;;https://theposterdb.com/search?term=Stranger%20Than%20Paradise%201984
DOGVILLE_2003;Dogville;2003;Lars von Trier;OK;tmdb;553;Dogville;DOGVILLE_2003.jpg;;https://theposterdb.com/search?term=Dogville%202003
UNDER_THE_SKIN_2013;Under the Skin;2013;Jonathan Glazer;NOT_FOUND;tpdb_manual;;;;aucun match TMDB assez sûr;https://theposterdb.com/search?term=Under%20the%20Skin%202013
TRISTANA_1970;Tristana;1970;Luis Buñuel;OK;tmdb;35838;Tristana;TRISTANA_1970.jpg;;https://theposterdb.com/search?term=Tristana%201970
THE_LONG_GOODBYE_1973;The Long Goodbye;1973;Robert Altman;OK;tmdb;1847;Le Privé;THE_LONG_GOODBYE_1973.jpg;;https://theposterdb.com/search?term=The%20Long%20Goodbye%201973
IN_EINEM_JAHR_MIT_13_MONDEN_1978;In einem Jahr mit 13 Monden;1978;Rainer Werner Fassbinder;OK;tmdb;42206;L'Année des treize lunes;IN_EINEM_JAHR_MIT_13_MONDEN_1978.jpg;;https://theposterdb.com/search?term=In%20einem%20Jahr%20mit%2013%20Monden%201978
NOSTALGHIA_1983;Nostalghia;1983;Andrei Tarkovsky;OK;tmdb;1394;Nostalghia;NOSTALGHIA_1983.jpg;;https://theposterdb.com/search?term=Nostalghia%201983
THE_THIN_BLUE_LINE_1988;The Thin Blue Line;1988;Errol Morris;OK;tmdb;14285;Le dossier Adams;THE_THIN_BLUE_LINE_1988.jpg;;https://theposterdb.com/search?term=The%20Thin%20Blue%20Line%201988
ORLANDO_1992;Orlando;1992;Sally Potter;OK;tmdb;9300;Orlando;ORLANDO_1992.jpg;;https://theposterdb.com/search?term=Orlando%201992
FANTASIA_1940;Fantasia;1940;Various Directors;OK;tmdb;756;Fantasia;FANTASIA_1940.jpg;;https://theposterdb.com/search?term=Fantasia%201940
LES_YEUX_SANS_VISAGE_1960;Les Yeux sans visage;1960;Georges Franju;OK;tmdb;31417;Les Yeux sans visage;LES_YEUX_SANS_VISAGE_1960.jpg;;https://theposterdb.com/search?term=Les%20Yeux%20sans%20visage%201960
LE_LOCATAIRE_1976;Le Locataire;1976;Roman Polanski;OK;tmdb;11482;Le Locataire;LE_LOCATAIRE_1976.jpg;;https://theposterdb.com/search?term=Le%20Locataire%201976
NAISSANCE_D_UNE_NATION_1915;Naissance d'une nation;1915;D.W. Griffith;OK;tmdb;618;Naissance d'une nation;NAISSANCE_D_UNE_NATION_1915.jpg;;https://theposterdb.com/search?term=Naissance%20d%27une%20nation%201915
ZOMBIE_1978;Zombie;1978;George A. Romero;OK;tmdb;923;Zombie;ZOMBIE_1978.jpg;;https://theposterdb.com/search?term=Zombie%201978
CRIMES_ET_DELITS_1989;Crimes et Délits;1989;Woody Allen;OK;tmdb;11562;Crimes et Délits;CRIMES_ET_DELITS_1989.jpg;;https://theposterdb.com/search?term=Crimes%20et%20D%C3%A9lits%201989
SUSPIRIA_1977;Suspiria;1977;Dario Argento;OK;tmdb;11906;Soupirs;SUSPIRIA_1977.jpg;;https://theposterdb.com/search?term=Suspiria%201977
I_KNOW_WHERE_I_M_GOING_1945;I Know Where I'm Going!;1945;Michael Powell;OK;tmdb;56137;Je sais où je vais;I_KNOW_WHERE_I_M_GOING_1945.jpg;;https://theposterdb.com/search?term=I%20Know%20Where%20I%27m%20Going%21%201945
LOST_IN_TRANSLATION_2003;Lost in Translation;2003;Sofia Coppola;OK;tmdb;153;Traduction infidèle;LOST_IN_TRANSLATION_2003.jpg;;https://theposterdb.com/search?term=Lost%20in%20Translation%202003
TONI_ERDMANN_2016;Toni Erdmann;2016;Maren Ade;OK;tmdb;374475;Toni Erdmann;TONI_ERDMANN_2016.jpg;;https://theposterdb.com/search?term=Toni%20Erdmann%202016
BLANCHE_NEIGE_ET_LES_SEPT_NAINS_1937;Blanche-Neige et les Sept Nains;1937;David Hand;OK;tmdb;408;Blanche-Neige et les Sept Nains;BLANCHE_NEIGE_ET_LES_SEPT_NAINS_1937.jpg;;https://theposterdb.com/search?term=Blanche-Neige%20et%20les%20Sept%20Nains%201937
MIRACLE_A_MILAN_1951;Miracle à Milan;1951;Vittorio De Sica;OK;tmdb;43379;Miracle à Milan;MIRACLE_A_MILAN_1951.jpg;;https://theposterdb.com/search?term=Miracle%20%C3%A0%20Milan%201951
LA_FIEVRE_DANS_LE_SANG_1961;La Fièvre dans le sang;1961;Elia Kazan;OK;tmdb;28569;La Fièvre dans le sang;LA_FIEVRE_DANS_LE_SANG_1961.jpg;;https://theposterdb.com/search?term=La%20Fi%C3%A8vre%20dans%20le%20sang%201961
LE_PLAISIR_1952;Le Plaisir;1952;Max Ophüls;OK;tmdb;43360;Le Plaisir;LE_PLAISIR_1952.jpg;;https://theposterdb.com/search?term=Le%20Plaisir%201952
VINGT_ANS_APRES_1984;Vingt ans après;1984;Eduardo Coutinho;OK;tmdb;256259;Vingt ans après;VINGT_ANS_APRES_1984.jpg;;https://theposterdb.com/search?term=Vingt%20ans%20apr%C3%A8s%201984
INNOCENTS_THE_1961;Innocents, The;1961;Jack Clayton;OK;tmdb;16372;Les Innocents;INNOCENTS_THE_1961.jpg;;https://theposterdb.com/search?term=Innocents%2C%20The%201961
EUROPA_51_1952;Europa '51;1952;Roberto Rossellini;OK;tmdb;41464;Europe 51;EUROPA_51_1952.jpg;;https://theposterdb.com/search?term=Europa%20%2751%201952
NETWORK_1976;Network;1976;Sidney Lumet;OK;tmdb;10774;Network : Main basse sur la télévision;NETWORK_1976.jpg;;https://theposterdb.com/search?term=Network%201976
LE_BONHEUR_1965;Le Bonheur;1965;Agnès Varda;OK;tmdb;53023;Le Bonheur;LE_BONHEUR_1965.jpg;;https://theposterdb.com/search?term=Le%20Bonheur%201965
SCENES_DE_LA_VIE_CONJUGALE_1973;Scènes de la vie conjugale;1973;Ingmar Bergman;OK;tmdb;133919;Scènes de la vie conjugale;SCENES_DE_LA_VIE_CONJUGALE_1973.jpg;;https://theposterdb.com/search?term=Sc%C3%A8nes%20de%20la%20vie%20conjugale%201973
HOLY_MOTORS_2012;Holy Motors;2012;Leos Carax;OK;tmdb;103328;Holy Motors;HOLY_MOTORS_2012.jpg;;https://theposterdb.com/search?term=Holy%20Motors%202012
CETTE_VERITE_QUE_L_ON_CACHE_1937;Cette vérité que l'on cache;1937;Leo McCarey;NOT_FOUND;tpdb_manual;;;;aucun match TMDB assez sûr;https://theposterdb.com/search?term=Cette%20v%C3%A9rit%C3%A9%20que%20l%27on%20cache%201937
CHELSEA_GIRLS_1966;Chelsea Girls;1966;Andy Warhol;OK;tmdb;1686;Chelsea Girls;CHELSEA_GIRLS_1966.jpg;;https://theposterdb.com/search?term=Chelsea%20Girls%201966
LA_FIANCEE_DE_FRANKENSTEIN_1935;La Fiancée de Frankenstein;1935;James Whale;OK;tmdb;229;La Fiancée de Frankenstein;LA_FIANCEE_DE_FRANKENSTEIN_1935.jpg;;https://theposterdb.com/search?term=La%20Fianc%C3%A9e%20de%20Frankenstein%201935
A_I_INTELLIGENCE_ARTIFICIELLE_2001;A.I. Intelligence artificielle;2001;Steven Spielberg;OK;tmdb;644;A.I. Intelligence artificielle;A_I_INTELLIGENCE_ARTIFICIELLE_2001.jpg;;https://theposterdb.com/search?term=A.I.%20Intelligence%20artificielle%202001
SALVATORE_GIULIANO_1962;Salvatore Giuliano;1962;Francesco Rosi;OK;tmdb;27523;Salvatore Giuliano;SALVATORE_GIULIANO_1962.jpg;;https://theposterdb.com/search?term=Salvatore%20Giuliano%201962
NOS_ANNEES_SAUVAGES_1990;Nos années sauvages;1990;Wong Kar-wai;OK;tmdb;18311;Nos années sauvages;NOS_ANNEES_SAUVAGES_1990.jpg;;https://theposterdb.com/search?term=Nos%20ann%C3%A9es%20sauvages%201990
POSSESSION_1981;Possession;1981;Andrzej Żuławski;OK;tmdb;21484;Possession;POSSESSION_1981.jpg;;https://theposterdb.com/search?term=Possession%201981
CASINO_1995;Casino;1995;Martin Scorsese;OK;tmdb;524;Casino;CASINO_1995.jpg;;https://theposterdb.com/search?term=Casino%201995
NAKED_1993;Naked;1993;Mike Leigh;OK;tmdb;21450;Naked;NAKED_1993.jpg;;https://theposterdb.com/search?term=Naked%201993
NON_CE_PAYS_N_EST_PAS_POUR_LE_VIEIL_HOMME_2007;Non, ce pays n'est pas pour le vieil homme;2007;Joel Coen;OK;tmdb;6977;Non, ce pays n'est pas pour le vieil homme;NON_CE_PAYS_N_EST_PAS_POUR_LE_VIEIL_HOMME_2007.jpg;;https://theposterdb.com/search?term=Non%2C%20ce%20pays%20n%27est%20pas%20pour%20le%20vieil%20homme%202007
PHANTOM_THREAD_2017;Phantom Thread;2017;Paul Thomas Anderson;OK;tmdb;400617;Phantom Thread;PHANTOM_THREAD_2017.jpg;;https://theposterdb.com/search?term=Phantom%20Thread%202017
IF_1968;If....;1968;Lindsay Anderson;OK;tmdb;14794;If....;IF_1968.jpg;;https://theposterdb.com/search?term=If....%201968
UNE_ETOILE_EST_NEE_1954;Une étoile est née;1954;George Cukor;OK;tmdb;3111;Une étoile est née;UNE_ETOILE_EST_NEE_1954.jpg;;https://theposterdb.com/search?term=Une%20%C3%A9toile%20est%20n%C3%A9e%201954
LES_COMMUNIANTS_1963;Les Communiants;1963;Ingmar Bergman;OK;tmdb;29455;Les Communiants;LES_COMMUNIANTS_1963.jpg;;https://theposterdb.com/search?term=Les%20Communiants%201963
FRENCH_CANCAN_1955;French Cancan;1955;Jean Renoir;OK;tmdb;45213;French Cancan;FRENCH_CANCAN_1955.jpg;;https://theposterdb.com/search?term=French%20Cancan%201955
LES_CHEVAUX_DE_FEU_1965_PARAJANOV;Les Chevaux de feu;1965;Sergei Parajanov;OK;tmdb;26782;Les Chevaux de feu;LES_CHEVAUX_DE_FEU_1965_PARAJANOV.jpg;;https://theposterdb.com/search?term=Les%20Chevaux%20de%20feu%201965
CARRIE_AU_BAL_DU_DIABLE_1976;Carrie au bal du diable;1976;Brian De Palma;OK;tmdb;7340;Carrie au bal du diable;CARRIE_AU_BAL_DU_DIABLE_1976.jpg;;https://theposterdb.com/search?term=Carrie%20au%20bal%20du%20diable%201976
BOOGIE_NIGHTS_1997;Boogie Nights;1997;Paul Thomas Anderson;OK;tmdb;4995;Nuits endiablées;BOOGIE_NIGHTS_1997.jpg;;https://theposterdb.com/search?term=Boogie%20Nights%201997
THE_ACT_OF_KILLING_2012;The Act of Killing;2012;Joshua Oppenheimer;OK;tmdb;123678;The Act of Killing - L'Acte de Tuer;THE_ACT_OF_KILLING_2012.jpg;;https://theposterdb.com/search?term=The%20Act%20of%20Killing%202012
LES_EVADES_1994;Les Évadés;1994;Frank Darabont;OK;tmdb;278;Les Évadés;LES_EVADES_1994.jpg;;https://theposterdb.com/search?term=Les%20%C3%89vad%C3%A9s%201994
LISTEN_TO_BRITAIN_1942;Listen to Britain;1942;Humphrey Jennings;OK;tmdb;88609;Listen to Britain;LISTEN_TO_BRITAIN_1942.jpg;;https://theposterdb.com/search?term=Listen%20to%20Britain%201942
SONGS_FROM_THE_SECOND_FLOOR_2000;Songs from the Second Floor;2000;Roy Andersson;OK;tmdb;34070;Chansons du deuxième étage;SONGS_FROM_THE_SECOND_FLOOR_2000.jpg;;https://theposterdb.com/search?term=Songs%20from%20the%20Second%20Floor%202000
L_ENFANCE_D_IVAN_1962_TARKOVSKY;L'Enfance d'Ivan;1962;Andrei Tarkovsky;OK;tmdb;31442;L’Enfance d’Ivan;L_ENFANCE_D_IVAN_1962_TARKOVSKY.jpg;;https://theposterdb.com/search?term=L%27Enfance%20d%27Ivan%201962
ACCATTONE_1961;Accattone;1961;Pier Paolo Pasolini;OK;tmdb;12491;Accattone;ACCATTONE_1961.jpg;;https://theposterdb.com/search?term=Accattone%201961
LES_FEUX_DE_LA_RAMPE_1952;Les Feux de la rampe;1952;Charles Chaplin;OK;tmdb;28971;Les Feux de la rampe;LES_FEUX_DE_LA_RAMPE_1952.jpg;;https://theposterdb.com/search?term=Les%20Feux%20de%20la%20rampe%201952
L_IMPERATRICE_ROUGE_1934;L'Impératrice rouge;1934;Josef von Sternberg;OK;tmdb;31527;L'Impératrice rouge;L_IMPERATRICE_ROUGE_1934.jpg;;https://theposterdb.com/search?term=L%27Imp%C3%A9ratrice%20rouge%201934
LE_VENT_1928;Le Vent;1928;Victor Sjöström;OK;tmdb;31416;Le vent;LE_VENT_1928.jpg;;https://theposterdb.com/search?term=Le%20Vent%201928
SYNDROMES_AND_A_CENTURY_2006;Syndromes and a Century;2006;Apichatpong Weerasethakul;OK;tmdb;27904;Syndromes and a century;SYNDROMES_AND_A_CENTURY_2006.jpg;;https://theposterdb.com/search?term=Syndromes%20and%20a%20Century%202006
LE_CRIME_DE_M_LANGE_1936;Le Crime de M. Lange;1936;Jean Renoir;NOT_FOUND;tpdb_manual;;;;aucun match TMDB assez sûr;https://theposterdb.com/search?term=Le%20Crime%20de%20M.%20Lange%201936
LES_FLEURS_DE_SHANGHAI_1998;Les Fleurs de Shanghai;1998;Hou Hsiao-hsien;OK;tmdb;45935;Les Fleurs de Shanghai;LES_FLEURS_DE_SHANGHAI_1998.jpg;;https://theposterdb.com/search?term=Les%20Fleurs%20de%20Shanghai%201998
DANS_LA_CHAMBRE_DE_VANDA_2000;Dans la chambre de Vanda;2000;Pedro Costa;OK;tmdb;87063;Dans la chambre de Vanda;DANS_LA_CHAMBRE_DE_VANDA_2000.jpg;;https://theposterdb.com/search?term=Dans%20la%20chambre%20de%20Vanda%202000
A_NOS_AMOURS_1983;À nos amours;1983;Maurice Pialat;OK;tmdb;2282;Les Filles du Faubourg;A_NOS_AMOURS_1983.jpg;;https://theposterdb.com/search?term=%C3%80%20nos%20amours%201983
PINOCCHIO_1940;Pinocchio;1940;Ben Sharpsteen;OK;tmdb;10895;Pinokkio;PINOCCHIO_1940.jpg;;https://theposterdb.com/search?term=Pinocchio%201940
LE_TOMBEAU_DES_LUCIOLES_1988;Le Tombeau des lucioles;1988;Isao Takahata;OK;tmdb;12477;Le Tombeau des Lucioles;LE_TOMBEAU_DES_LUCIOLES_1988.jpg;;https://theposterdb.com/search?term=Le%20Tombeau%20des%20lucioles%201988
VIDAS_SECAS_1963;Vidas Secas;1963;Nelson Pereira dos Santos;OK;tmdb;836;Sécheresse;VIDAS_SECAS_1963.jpg;;https://theposterdb.com/search?term=Vidas%20Secas%201963
THE_DEAD_1987;The Dead;1987;John Huston;OK;tmdb;39507;Gens de Dublin;THE_DEAD_1987.jpg;;https://theposterdb.com/search?term=The%20Dead%201987
TIREZ_SUR_LE_PIANISTE_1960;Tirez sur le pianiste;1960;François Truffaut;OK;tmdb;1818;Tirez sur le pianiste;TIREZ_SUR_LE_PIANISTE_1960.jpg;;https://theposterdb.com/search?term=Tirez%20sur%20le%20pianiste%201960
PLATFORM_2000;Platform;2000;Jia Zhangke;OK;tmdb;80427;Platform;PLATFORM_2000.jpg;;https://theposterdb.com/search?term=Platform%202000
ELEPHANT_2003;Elephant;2003;Gus Van Sant;OK;tmdb;1807;Éléphant;ELEPHANT_2003.jpg;;https://theposterdb.com/search?term=Elephant%202003
LE_CONVOI_DES_BRAVES_1950;Le Convoi des braves;1950;John Ford;OK;tmdb;37327;Le Convoi des braves;LE_CONVOI_DES_BRAVES_1950.jpg;;https://theposterdb.com/search?term=Le%20Convoi%20des%20braves%201950
OLD_BOY_2003;Old Boy;2003;Park Chan-wook;OK;tmdb;670;Old Boy;OLD_BOY_2003.jpg;;https://theposterdb.com/search?term=Old%20Boy%202003
PARIS_IS_BURNING_1990;Paris Is Burning;1990;Jennie Livingston;OK;tmdb;31225;Paris Is Burning;PARIS_IS_BURNING_1990.jpg;;https://theposterdb.com/search?term=Paris%20Is%20Burning%201990
DU_SILENCE_ET_DES_OMBRES_1962;Du silence et des ombres;1962;Robert Mulligan;OK;tmdb;595;Du silence et des ombres;DU_SILENCE_ET_DES_OMBRES_1962.jpg;;https://theposterdb.com/search?term=Du%20silence%20et%20des%20ombres%201962
WITHNAIL_ET_MOI_1987;Withnail et moi;1987;Bruce Robinson;OK;tmdb;13446;Withnail et moi;WITHNAIL_ET_MOI_1987.jpg;;https://theposterdb.com/search?term=Withnail%20et%20moi%201987
HARLAN_COUNTY_U_S_A_1976;Harlan County, U.S.A.;1976;Barbara Kopple;OK;tmdb;33324;Harlan County, U.S.A.;HARLAN_COUNTY_U_S_A_1976.jpg;;https://theposterdb.com/search?term=Harlan%20County%2C%20U.S.A.%201976
LA_REGION_CENTRALE_1971;La Région centrale;1971;Michael Snow;OK;tmdb;90041;La Région centrale;LA_REGION_CENTRALE_1971.jpg;;https://theposterdb.com/search?term=La%20R%C3%A9gion%20centrale%201971
CINQ_PIECES_FACILES_1970;Cinq pièces faciles;1970;Bob Rafelson;OK;tmdb;26617;Cinq pièces faciles;CINQ_PIECES_FACILES_1970.jpg;;https://theposterdb.com/search?term=Cinq%20pi%C3%A8ces%20faciles%201970
MADAME_ET_SES_FLIRTS_1942;Madame et ses flirts;1942;Preston Sturges;OK;tmdb;32255;Madame et ses flirts;MADAME_ET_SES_FLIRTS_1942.jpg;;https://theposterdb.com/search?term=Madame%20et%20ses%20flirts%201942
SENSO_1954;Senso;1954;Luchino Visconti;OK;tmdb;43195;Roes der zinnen;SENSO_1954.jpg;;https://theposterdb.com/search?term=Senso%201954
FIGHT_CLUB_1999;Fight Club;1999;David Fincher;OK;tmdb;550;Fight Club;FIGHT_CLUB_1999.jpg;;https://theposterdb.com/search?term=Fight%20Club%201999
LA_MORT_DE_DANTE_LAZARESCU_2005;La Mort de Dante Lazarescu;2005;Cristi Puiu;OK;tmdb;31032;La Mort de Dante Lazarescu;LA_MORT_DE_DANTE_LAZARESCU_2005.jpg;;https://theposterdb.com/search?term=La%20Mort%20de%20Dante%20Lazarescu%202005
AU_BORD_DE_LA_MER_BLEUE_1936;Au bord de la mer bleue;1936;Boris Barnet;OK;tmdb;110733;Au bord de la mer bleue;AU_BORD_DE_LA_MER_BLEUE_1936.jpg;;https://theposterdb.com/search?term=Au%20bord%20de%20la%20mer%20bleue%201936
ZAMA_2017;Zama;2017;Lucrecia Martel;OK;tmdb;326382;Zama;ZAMA_2017.jpg;;https://theposterdb.com/search?term=Zama%202017
SECRETS_ET_MENSONGES_1996;Secrets et Mensonges;1996;Mike Leigh;OK;tmdb;11159;Secrets et mensonges;SECRETS_ET_MENSONGES_1996.jpg;;https://theposterdb.com/search?term=Secrets%20et%20Mensonges%201996
LES_FILS_DE_L_HOMME_2006;Les Fils de l'homme;2006;Alfonso Cuarón;OK;tmdb;9693;Les Fils de l'homme;LES_FILS_DE_L_HOMME_2006.jpg;;https://theposterdb.com/search?term=Les%20Fils%20de%20l%27homme%202006
RESERVOIR_DOGS_1992;Reservoir Dogs;1992;Quentin Tarantino;OK;tmdb;500;Les Enragés;RESERVOIR_DOGS_1992.jpg;;https://theposterdb.com/search?term=Reservoir%20Dogs%201992
EPOUSES_ET_CONCUBINES_1991_YIMOU;Épouses et concubines;1991;Zhang Yimou;OK;tmdb;10404;Épouses et Concubines;EPOUSES_ET_CONCUBINES_1991_YIMOU.jpg;;https://theposterdb.com/search?term=%C3%89pouses%20et%20concubines%201991
THE_HUSTLER_1961;The Hustler;1961;Robert Rossen;OK;tmdb;990;L'Arnaqueur;THE_HUSTLER_1961.jpg;;https://theposterdb.com/search?term=The%20Hustler%201961
THE_LIVES_OF_OTHERS_2006;The Lives of Others;2006;Florian Henckel von Donnersmarck;OK;tmdb;582;La Vie des autres;THE_LIVES_OF_OTHERS_2006.jpg;;https://theposterdb.com/search?term=The%20Lives%20of%20Others%202006
PUNCH_DRUNK_LOVE_2002;Punch-Drunk Love;2002;Paul Thomas Anderson;OK;tmdb;8051;Punch-Drunk Love, ivre d'amour;PUNCH_DRUNK_LOVE_2002.jpg;;https://theposterdb.com/search?term=Punch-Drunk%20Love%202002
TWIN_PEAKS_FIRE_WALK_WITH_ME_1992;Twin Peaks: Fire Walk with Me;1992;David Lynch;OK;tmdb;1923;Twin Peaks : Les 7 derniers jours de Laura Palmer;TWIN_PEAKS_FIRE_WALK_WITH_ME_1992.jpg;;https://theposterdb.com/search?term=Twin%20Peaks%3A%20Fire%20Walk%20with%20Me%201992
DIE_HARD_1988;Die Hard;1988;John McTiernan;OK;tmdb;562;Piège de cristal;DIE_HARD_1988.jpg;;https://theposterdb.com/search?term=Die%20Hard%201988
AFTER_LIFE_1998;After Life;1998;Hirokazu Koreeda;OK;tmdb;17962;After Life;AFTER_LIFE_1998.jpg;;https://theposterdb.com/search?term=After%20Life%201998
INLAND_EMPIRE_2006;Inland Empire;2006;David Lynch;OK;tmdb;1730;Inland Empire;INLAND_EMPIRE_2006.jpg;;https://theposterdb.com/search?term=Inland%20Empire%202006
BLOW_OUT_1981;Blow Out;1981;Brian De Palma;OK;tmdb;11644;Éclatement;BLOW_OUT_1981.jpg;;https://theposterdb.com/search?term=Blow%20Out%201981
THE_BITTER_TEARS_OF_PETRA_VON_KANT_1972;The Bitter Tears of Petra von Kant;1972;Rainer Werner Fassbinder;OK;tmdb;10310;Les Larmes amères de Petra von Kant;THE_BITTER_TEARS_OF_PETRA_VON_KANT_1972.jpg;;https://theposterdb.com/search?term=The%20Bitter%20Tears%20of%20Petra%20von%20Kant%201972
THE_BRIDGE_ON_THE_RIVER_KWAI_1957;The Bridge on the River Kwai;1957;David Lean;OK;tmdb;826;Le Pont de la rivière Kwaï;THE_BRIDGE_ON_THE_RIVER_KWAI_1957.jpg;;https://theposterdb.com/search?term=The%20Bridge%20on%20the%20River%20Kwai%201957
EARLY_SUMMER_1951;Early Summer;1951;Yasujiro Ozu;OK;tmdb;50247;Été précoce;EARLY_SUMMER_1951.jpg;;https://theposterdb.com/search?term=Early%20Summer%201951
TWIN_PEAKS_THE_RETURN_TV_2017;Twin Peaks: The Return [TV];2017;David Lynch;NOT_FOUND;tpdb_manual;;;;aucun match TMDB assez sûr;https://theposterdb.com/search?term=Twin%20Peaks%3A%20The%20Return%20%5BTV%5D%202017
TO_HAVE_AND_HAVE_NOT_1944;To Have and Have Not;1944;Howard Hawks;OK;tmdb;22584;Le Port de l'angoisse;TO_HAVE_AND_HAVE_NOT_1944.jpg;;https://theposterdb.com/search?term=To%20Have%20and%20Have%20Not%201944
CRASH_1996;Crash;1996;David Cronenberg;OK;tmdb;884;Crash;CRASH_1996.jpg;;https://theposterdb.com/search?term=Crash%201996
MONTY_PYTHON_S_LIFE_OF_BRIAN_1979;Monty Python's Life of Brian;1979;Terry Jones;OK;tmdb;583;Monty Python : La Vie de Brian;MONTY_PYTHON_S_LIFE_OF_BRIAN_1979.jpg;;https://theposterdb.com/search?term=Monty%20Python%27s%20Life%20of%20Brian%201979
MASCULIN_FEMININ_1966;Masculin féminin;1966;Jean-Luc Godard;OK;tmdb;4710;Masculin féminin: 15 faits précis;MASCULIN_FEMININ_1966.jpg;;https://theposterdb.com/search?term=Masculin%20f%C3%A9minin%201966
JURASSIC_PARK_1993;Jurassic Park;1993;Steven Spielberg;OK;tmdb;329;Le parc jurassique;JURASSIC_PARK_1993.jpg;;https://theposterdb.com/search?term=Jurassic%20Park%201993
EAST_OF_EDEN_1955;East of Eden;1955;Elia Kazan;OK;tmdb;220;À l'est d'Éden;EAST_OF_EDEN_1955.jpg;;https://theposterdb.com/search?term=East%20of%20Eden%201955
MAD_MAX_2_1981;Mad Max 2;1981;George Miller;OK;tmdb;8810;Mad Max 2 : Le Défi;MAD_MAX_2_1981.jpg;;https://theposterdb.com/search?term=Mad%20Max%202%201981
THE_FRENCH_CONNECTION_1971;The French Connection;1971;William Friedkin;OK;tmdb;1051;French Connection;THE_FRENCH_CONNECTION_1971.jpg;;https://theposterdb.com/search?term=The%20French%20Connection%201971
SHORT_CUTS_1993;Short Cuts;1993;Robert Altman;OK;tmdb;695;Short Cuts;SHORT_CUTS_1993.jpg;;https://theposterdb.com/search?term=Short%20Cuts%201993
THE_SOUND_OF_MUSIC_1965;The Sound of Music;1965;Robert Wise;OK;tmdb;15121;La Mélodie du bonheur;THE_SOUND_OF_MUSIC_1965.jpg;;https://theposterdb.com/search?term=The%20Sound%20of%20Music%201965
DOCTOR_ZHIVAGO_1965;Doctor Zhivago;1965;David Lean;OK;tmdb;907;Le Docteur Jivago;DOCTOR_ZHIVAGO_1965.jpg;;https://theposterdb.com/search?term=Doctor%20Zhivago%201965
BUTCH_CASSIDY_AND_THE_SUNDANCE_KID_1969;Butch Cassidy and the Sundance Kid;1969;George Roy Hill;OK;tmdb;642;Butch Cassidy et le Kid;BUTCH_CASSIDY_AND_THE_SUNDANCE_KID_1969.jpg;;https://theposterdb.com/search?term=Butch%20Cassidy%20and%20the%20Sundance%20Kid%201969
A_MOMENT_OF_INNOCENCE_1996;A Moment of Innocence;1996;Mohsen Makhmalbaf;OK;tmdb;43976;Un Instant d'Innocence;A_MOMENT_OF_INNOCENCE_1996.jpg;;https://theposterdb.com/search?term=A%20Moment%20of%20Innocence%201996
HANNAH_AND_HER_SISTERS_1986;Hannah and Her Sisters;1986;Woody Allen;OK;tmdb;5143;Hannah et ses sœurs;HANNAH_AND_HER_SISTERS_1986.jpg;;https://theposterdb.com/search?term=Hannah%20and%20Her%20Sisters%201986
BOYHOOD_2014;Boyhood;2014;Richard Linklater;OK;tmdb;85350;Jeunesse;BOYHOOD_2014.jpg;;https://theposterdb.com/search?term=Boyhood%202014
A_NIGHT_AT_THE_OPERA_1935;A Night at the Opera;1935;Sam Wood;OK;tmdb;37719;Une nuit à l'opéra;A_NIGHT_AT_THE_OPERA_1935.jpg;;https://theposterdb.com/search?term=A%20Night%20at%20the%20Opera%201935
AND_LIFE_GOES_ON_1992;And Life Goes On...;1992;Abbas Kiarostami;OK;tmdb;83761;Et la vie continue;AND_LIFE_GOES_ON_1992.jpg;;https://theposterdb.com/search?term=And%20Life%20Goes%20On...%201992
MORVERN_CALLAR_2002;Morvern Callar;2002;Lynne Ramsay;OK;tmdb;18602;Le voyage de Morvern Callar;MORVERN_CALLAR_2002.jpg;;https://theposterdb.com/search?term=Morvern%20Callar%202002
THE_DEVIL_PROBABLY_1977;The Devil, Probably;1977;Robert Bresson;OK;tmdb;32097;The Devil, Probably;THE_DEVIL_PROBABLY_1977.jpg;;https://theposterdb.com/search?term=The%20Devil%2C%20Probably%201977
DAMNED_THE_1969;Damned, The;1969;Luchino Visconti;OK;tmdb;41876;Les Damnés;DAMNED_THE_1969.jpg;;https://theposterdb.com/search?term=Damned%2C%20The%201969
BLUE_1993;Blue;1993;Derek Jarman;OK;tmdb;94794;Blue;BLUE_1993.jpg;;https://theposterdb.com/search?term=Blue%201993
TOOTSIE_1982;Tootsie;1982;Sydney Pollack;OK;tmdb;9576;Tootsie;TOOTSIE_1982.jpg;;https://theposterdb.com/search?term=Tootsie%201982
THE_MASTER_2012;The Master;2012;Paul Thomas Anderson;OK;tmdb;68722;The Master;THE_MASTER_2012.jpg;;https://theposterdb.com/search?term=The%20Master%202012
TERMINATOR_2_JUDGMENT_DAY_1991;Terminator 2: Judgment Day;1991;James Cameron;OK;tmdb;280;Terminator 2 : Le Jugement dernier;TERMINATOR_2_JUDGMENT_DAY_1991.jpg;;https://theposterdb.com/search?term=Terminator%202%3A%20Judgment%20Day%201991
THE_TERMINATOR_1984;The Terminator;1984;James Cameron;OK;tmdb;218;Terminator;THE_TERMINATOR_1984.jpg;;https://theposterdb.com/search?term=The%20Terminator%201984
RUSSIAN_ARK_2002;Russian Ark;2002;Aleksandr Sokurov;OK;tmdb;16646;L'Arche russe;RUSSIAN_ARK_2002.jpg;;https://theposterdb.com/search?term=Russian%20Ark%202002
NINOTCHKA_1939;Ninotchka;1939;Ernst Lubitsch;OK;tmdb;1859;Ninotchka;NINOTCHKA_1939.jpg;;https://theposterdb.com/search?term=Ninotchka%201939
AS_I_WAS_MOVING_AHEAD_OCCASIONALLY_I_SAW_BRIEF_GLIMPSES_OF_BEAUTY_2000;As I Was Moving Ahead Occasionally I Saw Brief Glimpses of Beauty;2000;Jonas Mekas;OK;tmdb;130824;As I Was Moving Ahead Occasionally I Saw Brief Glimpses of Beauty;AS_I_WAS_MOVING_AHEAD_OCCASIONALLY_I_SAW_BRIEF_GLIMPSES_OF_BEAUTY_2000.jpg;;https://theposterdb.com/search?term=As%20I%20Was%20Moving%20Ahead%20Occasionally%20I%20Saw%20Brief%20Glimpses%20of%20Beauty%202000
POINT_BLANK_1967;Point Blank;1967;John Boorman;OK;tmdb;26039;Le Point de non-retour;POINT_BLANK_1967.jpg;;https://theposterdb.com/search?term=Point%20Blank%201967
AMELIE_2001;Amélie;2001;Jean-Pierre Jeunet;OK;tmdb;194;Le fabuleux destin d'Amélie Poulain;AMELIE_2001.jpg;;https://theposterdb.com/search?term=Am%C3%A9lie%202001
MAN_OF_ARAN_1934;Man of Aran;1934;Robert J. Flaherty;OK;tmdb;47684;L'Homme d'Aran;MAN_OF_ARAN_1934.jpg;;https://theposterdb.com/search?term=Man%20of%20Aran%201934
I_WALKED_WITH_A_ZOMBIE_1943;I Walked with a Zombie;1943;Jacques Tourneur;OK;tmdb;27130;Vaudou;I_WALKED_WITH_A_ZOMBIE_1943.jpg;;https://theposterdb.com/search?term=I%20Walked%20with%20a%20Zombie%201943
CROUCHING_TIGER_HIDDEN_DRAGON_2000;Crouching Tiger, Hidden Dragon;2000;Ang Lee;OK;tmdb;146;Tigre & Dragon;CROUCHING_TIGER_HIDDEN_DRAGON_2000.jpg;;https://theposterdb.com/search?term=Crouching%20Tiger%2C%20Hidden%20Dragon%202000
LAND_WITHOUT_BREAD_1933;Land Without Bread;1933;Luis Buñuel;OK;tmdb;91;Terre sans pain;LAND_WITHOUT_BREAD_1933.jpg;;https://theposterdb.com/search?term=Land%20Without%20Bread%201933
JE_TU_IL_ELLE_1974;Je, tu, il, elle;1974;Chantal Akerman;OK;tmdb;93934;Ik, jij, hij, zij;JE_TU_IL_ELLE_1974.jpg;;https://theposterdb.com/search?term=Je%2C%20tu%2C%20il%2C%20elle%201974
WALL_E_2008;WALL-E;2008;Andrew Stanton;OK;tmdb;10681;WALL-E;WALL_E_2008.jpg;;https://theposterdb.com/search?term=WALL-E%202008
THE_BLUE_ANGEL_1930;The Blue Angel;1930;Josef von Sternberg;OK;tmdb;228;L'Ange bleu;THE_BLUE_ANGEL_1930.jpg;;https://theposterdb.com/search?term=The%20Blue%20Angel%201930
HALLOWEEN_1978;Halloween;1978;John Carpenter;OK;tmdb;948;La Nuit des masques;HALLOWEEN_1978.jpg;;https://theposterdb.com/search?term=Halloween%201978
DEAD_MAN_1995;Dead Man;1995;Jim Jarmusch;OK;tmdb;922;Dead Man;DEAD_MAN_1995.jpg;;https://theposterdb.com/search?term=Dead%20Man%201995
FELLINI_SATYRICON_1969;Fellini Satyricon;1969;Federico Fellini;OK;tmdb;11163;Fellini Satyricon;FELLINI_SATYRICON_1969.jpg;;https://theposterdb.com/search?term=Fellini%20Satyricon%201969
THE_TESTAMENT_OF_DR_MABUSE_1933;The Testament of Dr. Mabuse;1933;Fritz Lang;OK;tmdb;12206;Le Testament du docteur Mabuse;THE_TESTAMENT_OF_DR_MABUSE_1933.jpg;;https://theposterdb.com/search?term=The%20Testament%20of%20Dr.%20Mabuse%201933
DELIVERANCE_1972;Deliverance;1972;John Boorman;OK;tmdb;10669;Délivrance;DELIVERANCE_1972.jpg;;https://theposterdb.com/search?term=Deliverance%201972
THAT_OBSCURE_OBJECT_OF_DESIRE_1977;That Obscure Object of Desire;1977;Luis Buñuel;OK;tmdb;5781;Cet obscur objet du désir 1977;THAT_OBSCURE_OBJECT_OF_DESIRE_1977.jpg;;https://theposterdb.com/search?term=That%20Obscure%20Object%20of%20Desire%201977
ZODIAC_2007;Zodiac;2007;David Fincher;OK;tmdb;1949;Le zodiaque;ZODIAC_2007.jpg;;https://theposterdb.com/search?term=Zodiac%202007
ROCKY_1976;Rocky;1976;John G. Avildsen;OK;tmdb;1366;Rocky;ROCKY_1976.jpg;;https://theposterdb.com/search?term=Rocky%201976
THE_LORD_OF_THE_RINGS_THE_FELLOWSHIP_OF_THE_RING_2001;The Lord of the Rings: The Fellowship of the Ring;2001;Peter Jackson;OK;tmdb;120;Le Seigneur des anneaux : La Communauté de l'anneau;THE_LORD_OF_THE_RINGS_THE_FELLOWSHIP_OF_THE_RING_2001.jpg;;https://theposterdb.com/search?term=The%20Lord%20of%20the%20Rings%3A%20The%20Fellowship%20of%20the%20Ring%202001
WEDDING_MARCH_THE_1928;Wedding March, The;1928;Erich von Stroheim;OK;tmdb;42537;La symphonie nuptiale;WEDDING_MARCH_THE_1928.jpg;;https://theposterdb.com/search?term=Wedding%20March%2C%20The%201928
WHEN_HARRY_MET_SALLY_1989;When Harry Met Sally...;1989;Rob Reiner;OK;tmdb;639;Quand Harry rencontre Sally…;WHEN_HARRY_MET_SALLY_1989.jpg;;https://theposterdb.com/search?term=When%20Harry%20Met%20Sally...%201989
FULL_METAL_JACKET_1987;Full Metal Jacket;1987;Stanley Kubrick;OK;tmdb;600;Full Metal Jacket;FULL_METAL_JACKET_1987.jpg;;https://theposterdb.com/search?term=Full%20Metal%20Jacket%201987
LOVES_OF_A_BLONDE_1965;Loves of a Blonde;1965;Milos Forman;OK;tmdb;39387;Les amours d'une blonde;LOVES_OF_A_BLONDE_1965.jpg;;https://theposterdb.com/search?term=Loves%20of%20a%20Blonde%201965
REPULSION_1965;Repulsion;1965;Roman Polanski;OK;tmdb;11481;Répulsion;REPULSION_1965.jpg;;https://theposterdb.com/search?term=Repulsion%201965
HATARI_1962;Hatari!;1962;Howard Hawks;OK;tmdb;11385;Hatari!;HATARI_1962.jpg;;https://theposterdb.com/search?term=Hatari%21%201962
THE_SERVANT_1963;The Servant;1963;Joseph Losey;OK;tmdb;42987;The Servant;THE_SERVANT_1963.jpg;;https://theposterdb.com/search?term=The%20Servant%201963
AMOUR_2012;Amour;2012;Michael Haneke;OK;tmdb;86837;Amour;AMOUR_2012.jpg;;https://theposterdb.com/search?term=Amour%202012
REBECCA_1940;Rebecca;1940;Alfred Hitchcock;OK;tmdb;223;Rebecca;REBECCA_1940.jpg;;https://theposterdb.com/search?term=Rebecca%201940
BARTON_FINK_1991;Barton Fink;1991;Joel Coen;OK;tmdb;290;Barton Fink;BARTON_FINK_1991.jpg;;https://theposterdb.com/search?term=Barton%20Fink%201991
D_EST_1993;D'Est;1993;Chantal Akerman;OK;tmdb;104739;D'Est;D_EST_1993.jpg;;https://theposterdb.com/search?term=D%27Est%201993
FELLINI_S_ROMA_1972;Fellini's Roma;1972;Federico Fellini;OK;tmdb;11035;Fellini's Roma;FELLINI_S_ROMA_1972.jpg;;https://theposterdb.com/search?term=Fellini%27s%20Roma%201972
SEVEN_CHANCES_1925;Seven Chances;1925;Buster Keaton;OK;tmdb;32600;Les Fiancées en folie;SEVEN_CHANCES_1925.jpg;;https://theposterdb.com/search?term=Seven%20Chances%201925
EDVARD_MUNCH_TV_1974;Edvard Munch [TV];1974;Peter Watkins;NOT_FOUND;tpdb_manual;;;;aucun match TMDB assez sûr;https://theposterdb.com/search?term=Edvard%20Munch%20%5BTV%5D%201974
THE_TAKING_OF_POWER_BY_LOUIS_XIV_1966;The Taking of Power by Louis XIV;1966;Roberto Rossellini;OK;tmdb;69912;La Prise de Pouvoir Par Louis XIV;THE_TAKING_OF_POWER_BY_LOUIS_XIV_1966.jpg;;https://theposterdb.com/search?term=The%20Taking%20of%20Power%20by%20Louis%20XIV%201966
SYMBIOPSYCHOTAXIPLASM_TAKE_ONE_1968;Symbiopsychotaxiplasm: Take One;1968;William Greaves;OK;tmdb;44783;Symbiopsychotaxiplasm: Take One;SYMBIOPSYCHOTAXIPLASM_TAKE_ONE_1968.jpg;;https://theposterdb.com/search?term=Symbiopsychotaxiplasm%3A%20Take%20One%201968
FRANKENSTEIN_1931;Frankenstein;1931;James Whale;OK;tmdb;3035;Frankenstein;FRANKENSTEIN_1931.jpg;;https://theposterdb.com/search?term=Frankenstein%201931
WEST_INDIES_THE_FUGITIVE_SLAVES_OF_LIBERTY_1979;West Indies: The Fugitive Slaves of Liberty;1979;Med Hondo;OK;tmdb;271858;West Indies: The Fugitive Slaves of Liberty;WEST_INDIES_THE_FUGITIVE_SLAVES_OF_LIBERTY_1979.jpg;;https://theposterdb.com/search?term=West%20Indies%3A%20The%20Fugitive%20Slaves%20of%20Liberty%201979
TALE_OF_TALES_1979;Tale of Tales;1979;Yuriy Norshteyn;NOT_FOUND;tpdb_manual;;;;aucun match TMDB assez sûr;https://theposterdb.com/search?term=Tale%20of%20Tales%201979
PROVIDENCE_1977;Providence;1977;Alain Resnais;OK;tmdb;54140;Providence;PROVIDENCE_1977.jpg;;https://theposterdb.com/search?term=Providence%201977
GENTLEMEN_PREFER_BLONDES_1953;Gentlemen Prefer Blondes;1953;Howard Hawks;OK;tmdb;759;Les hommes préfèrent les blondes;GENTLEMEN_PREFER_BLONDES_1953.jpg;;https://theposterdb.com/search?term=Gentlemen%20Prefer%20Blondes%201953
THE_DEVILS_1971;The Devils;1971;Ken Russell;OK;tmdb;31767;Les Diables;THE_DEVILS_1971.jpg;;https://theposterdb.com/search?term=The%20Devils%201971
SYNECDOCHE_NEW_YORK_2008;Synecdoche, New York;2008;Charlie Kaufman;OK;tmdb;4960;Synecdoche, New York;SYNECDOCHE_NEW_YORK_2008.jpg;;https://theposterdb.com/search?term=Synecdoche%2C%20New%20York%202008
WICKER_MAN_THE_1973;Wicker Man, The;1973;Robin Hardy;OK;tmdb;16307;Le dieu d'osier;WICKER_MAN_THE_1973.jpg;;https://theposterdb.com/search?term=Wicker%20Man%2C%20The%201973
3_WOMEN_1977;3 Women;1977;Robert Altman;OK;tmdb;41662;3 femmes;3_WOMEN_1977.jpg;;https://theposterdb.com/search?term=3%20Women%201977
THE_LONG_DAY_CLOSES_1992;The Long Day Closes;1992;Terence Davies;OK;tmdb;49956;Une longue journée qui s'achève;THE_LONG_DAY_CLOSES_1992.jpg;;https://theposterdb.com/search?term=The%20Long%20Day%20Closes%201992
RAISING_ARIZONA_1987;Raising Arizona;1987;Joel Coen;OK;tmdb;378;Arizona Junior;RAISING_ARIZONA_1987.jpg;;https://theposterdb.com/search?term=Raising%20Arizona%201987
DON_T_LOOK_BACK_1967;Don't Look Back;1967;D.A. Pennebaker;OK;tmdb;135;Don't Look Back;DON_T_LOOK_BACK_1967.jpg;;https://theposterdb.com/search?term=Don%27t%20Look%20Back%201967
THE_LADIES_MAN_1961;The Ladies Man;1961;Jerry Lewis;OK;tmdb;28333;Le Tombeur de ces Dames;THE_LADIES_MAN_1961.jpg;;https://theposterdb.com/search?term=The%20Ladies%20Man%201961
THE_ROYAL_TENENBAUMS_2001;The Royal Tenenbaums;2001;Wes Anderson;OK;tmdb;9428;La Famille Tenenbaum;THE_ROYAL_TENENBAUMS_2001.jpg;;https://theposterdb.com/search?term=The%20Royal%20Tenenbaums%202001
THE_ROUND_UP_1966;The Round-Up;1966;Miklós Jancsó;OK;tmdb;94663;Les Sans-espoir;THE_ROUND_UP_1966.jpg;;https://theposterdb.com/search?term=The%20Round-Up%201966
MY_FRIEND_IVAN_LAPSHIN_1985;My Friend Ivan Lapshin;1985;Aleksei German;OK;tmdb;83491;Mon ami Ivan Lapchine;MY_FRIEND_IVAN_LAPSHIN_1985.jpg;;https://theposterdb.com/search?term=My%20Friend%20Ivan%20Lapshin%201985
VITELLONI_I_1953;Vitelloni, I;1953;Federico Fellini;OK;tmdb;12548;Les Vitelloni;VITELLONI_I_1953.jpg;;https://theposterdb.com/search?term=Vitelloni%2C%20I%201953
THE_RED_CIRCLE_1970;The Red Circle;1970;Jean-Pierre Melville;OK;tmdb;11657;De rode cirkel;THE_RED_CIRCLE_1970.jpg;;https://theposterdb.com/search?term=The%20Red%20Circle%201970
LES_AMANTS_DU_PONT_NEUF_1991;Les Amants du Pont-Neuf;1991;Leos Carax;OK;tmdb;2767;Les Amants du Pont-Neuf;LES_AMANTS_DU_PONT_NEUF_1991.jpg;;https://theposterdb.com/search?term=Les%20Amants%20du%20Pont-Neuf%201991
MR_SMITH_GOES_TO_WASHINGTON_1939;Mr. Smith Goes to Washington;1939;Frank Capra;OK;tmdb;3083;Monsieur Smith au Sénat;MR_SMITH_GOES_TO_WASHINGTON_1939.jpg;;https://theposterdb.com/search?term=Mr.%20Smith%20Goes%20to%20Washington%201939
FAT_CITY_1972;Fat City;1972;John Huston;OK;tmdb;16993;La Dernière Chance;FAT_CITY_1972.jpg;;https://theposterdb.com/search?term=Fat%20City%201972
BOUDU_SAVED_FROM_DROWNING_1932;Boudu Saved from Drowning;1932;Jean Renoir;OK;tmdb;48365;Boudu Saved from Drowning;BOUDU_SAVED_FROM_DROWNING_1932.jpg;;https://theposterdb.com/search?term=Boudu%20Saved%20from%20Drowning%201932
SCORPIO_RISING_1963;Scorpio Rising;1963;Kenneth Anger;OK;tmdb;46787;Scorpio Rising;SCORPIO_RISING_1963.jpg;;https://theposterdb.com/search?term=Scorpio%20Rising%201963
HOUR_OF_THE_WOLF_1968;Hour of the Wolf;1968;Ingmar Bergman;OK;tmdb;18333;L'Heure du loup;HOUR_OF_THE_WOLF_1968.jpg;;https://theposterdb.com/search?term=Hour%20of%20the%20Wolf%201968
THE_DARK_KNIGHT_2008;The Dark Knight;2008;Christopher Nolan;OK;tmdb;155;The Dark Knight : Le Chevalier noir;THE_DARK_KNIGHT_2008.jpg;;https://theposterdb.com/search?term=The%20Dark%20Knight%202008
HANA_BI_1997;Hana-bi;1997;Takeshi Kitano;OK;tmdb;5910;Hana-bi;HANA_BI_1997.jpg;;https://theposterdb.com/search?term=Hana-bi%201997
A_PROPHET_2009;A Prophet;2009;Jacques Audiard;OK;tmdb;21575;Un prophete;A_PROPHET_2009.jpg;;https://theposterdb.com/search?term=A%20Prophet%202009
NAZARIN_1958;Nazarín;1958;Luis Buñuel;OK;tmdb;35124;Nazarin;NAZARIN_1958.jpg;;https://theposterdb.com/search?term=Nazar%C3%ADn%201958
PORTRAIT_OF_JASON_1967;Portrait of Jason;1967;Shirley Clarke;OK;tmdb;83232;Portrait of Jason;PORTRAIT_OF_JASON_1967.jpg;;https://theposterdb.com/search?term=Portrait%20of%20Jason%201967
CASQUE_D_OR_1952;Casque d'or;1952;Jacques Becker;OK;tmdb;68822;Gouden Helm;CASQUE_D_OR_1952.jpg;;https://theposterdb.com/search?term=Casque%20d%27or%201952
MILLENNIUM_MAMBO_2001;Millennium Mambo;2001;Hou Hsiao-hsien;OK;tmdb;11553;Millennium Mambo;MILLENNIUM_MAMBO_2001.jpg;;https://theposterdb.com/search?term=Millennium%20Mambo%202001
PAT_GARRETT_AND_BILLY_THE_KID_1973;Pat Garrett and Billy the Kid;1973;Sam Peckinpah;OK;tmdb;11577;Pat Garrett et Billy le Kid;PAT_GARRETT_AND_BILLY_THE_KID_1973.jpg;;https://theposterdb.com/search?term=Pat%20Garrett%20and%20Billy%20the%20Kid%201973
MALCOLM_X_1992;Malcolm X;1992;Spike Lee;OK;tmdb;1883;Malcolm X;MALCOLM_X_1992.jpg;;https://theposterdb.com/search?term=Malcolm%20X%201992
THE_GOLDEN_COACH_1952;The Golden Coach;1952;Jean Renoir;OK;tmdb;56167;Le Carrosse d'or;THE_GOLDEN_COACH_1952.jpg;;https://theposterdb.com/search?term=The%20Golden%20Coach%201952
ROBOCOP_1987;RoboCop;1987;Paul Verhoeven;OK;tmdb;5548;Robocop: Director's Cut;ROBOCOP_1987.jpg;;https://theposterdb.com/search?term=RoboCop%201987
FERRIS_BUELLER_S_DAY_OFF_1986;Ferris Bueller's Day Off;1986;John Hughes;OK;tmdb;9377;La Folle Journée de Ferris Bueller;FERRIS_BUELLER_S_DAY_OFF_1986.jpg;;https://theposterdb.com/search?term=Ferris%20Bueller%27s%20Day%20Off%201986
RATCATCHER_1999;Ratcatcher;1999;Lynne Ramsay;OK;tmdb;29698;Ratcatcher;RATCATCHER_1999.jpg;;https://theposterdb.com/search?term=Ratcatcher%201999
SCARFACE_1932;Scarface;1932;Howard Hawks;OK;tmdb;877;Scarface;SCARFACE_1932.jpg;;https://theposterdb.com/search?term=Scarface%201932
THE_VIRGIN_SPRING_1960;The Virgin Spring;1960;Ingmar Bergman;OK;tmdb;11656;La Source;THE_VIRGIN_SPRING_1960.jpg;;https://theposterdb.com/search?term=The%20Virgin%20Spring%201960
YOUNG_FRANKENSTEIN_1974;Young Frankenstein;1974;Mel Brooks;OK;tmdb;3034;Frankenstein Junior;YOUNG_FRANKENSTEIN_1974.jpg;;https://theposterdb.com/search?term=Young%20Frankenstein%201974
ARREBATO_1979;Arrebato;1979;Iván Zulueta;OK;tmdb;1134639;Arrebato;ARREBATO_1979.jpg;;https://theposterdb.com/search?term=Arrebato%201979
THEY_LIVE_BY_NIGHT_1948;They Live by Night;1948;Nicholas Ray;OK;tmdb;44190;Les Amants de la nuit;THEY_LIVE_BY_NIGHT_1948.jpg;;https://theposterdb.com/search?term=They%20Live%20by%20Night%201948
BRING_ME_THE_HEAD_OF_ALFREDO_GARCIA_1974;Bring Me the Head of Alfredo Garcia;1974;Sam Peckinpah;OK;tmdb;11942;Apportez-moi la tête d'Alfredo Garcia;BRING_ME_THE_HEAD_OF_ALFREDO_GARCIA_1974.jpg;;https://theposterdb.com/search?term=Bring%20Me%20the%20Head%20of%20Alfredo%20Garcia%201974
AKIRA_1988;Akira;1988;Katsuhiro Otomo;OK;tmdb;149;Akira;AKIRA_1988.jpg;;https://theposterdb.com/search?term=Akira%201988
MANCHURIAN_CANDIDATE_THE_1962;Manchurian Candidate, The;1962;John Frankenheimer;OK;tmdb;982;Un crime dans la tête;MANCHURIAN_CANDIDATE_THE_1962.jpg;;https://theposterdb.com/search?term=Manchurian%20Candidate%2C%20The%201962
WAKE_IN_FRIGHT_1971;Wake in Fright;1971;Ted Kotcheff;OK;tmdb;26405;Réveil dans la terreur;WAKE_IN_FRIGHT_1971.jpg;;https://theposterdb.com/search?term=Wake%20in%20Fright%201971
RUSHMORE_1998;Rushmore;1998;Wes Anderson;OK;tmdb;11545;Rushmore;RUSHMORE_1998.jpg;;https://theposterdb.com/search?term=Rushmore%201998
AN_AMERICAN_WEREWOLF_IN_LONDON_1981;An American Werewolf in London;1981;John Landis;OK;tmdb;814;Le Loup-Garou de Londres;AN_AMERICAN_WEREWOLF_IN_LONDON_1981.jpg;;https://theposterdb.com/search?term=An%20American%20Werewolf%20in%20London%201981
IL_POSTO_1961;Il Posto;1961;Ermanno Olmi;OK;tmdb;31742;L'Emploi;IL_POSTO_1961.jpg;;https://theposterdb.com/search?term=Il%20Posto%201961
PLACE_IN_THE_SUN_A_1951;Place in the Sun, A;1951;George Stevens;OK;tmdb;25673;Une place au soleil;PLACE_IN_THE_SUN_A_1951.jpg;;https://theposterdb.com/search?term=Place%20in%20the%20Sun%2C%20A%201951
DANCER_IN_THE_DARK_2000;Dancer in the Dark;2000;Lars von Trier;OK;tmdb;16;Danser dans le noir;DANCER_IN_THE_DARK_2000.jpg;;https://theposterdb.com/search?term=Dancer%20in%20the%20Dark%202000
HYENES_1992_MAMBETY;Hyènes;1992;Djibril Diop Mambéty;OK;tmdb;124085;Hyènes;HYENES_1992_MAMBETY.jpg;;https://theposterdb.com/search?term=Hy%C3%A8nes%201992
THE_PURPLE_ROSE_OF_CAIRO_1985;The Purple Rose of Cairo;1985;Woody Allen;OK;tmdb;10849;La Rose pourpre du Caire;THE_PURPLE_ROSE_OF_CAIRO_1985.jpg;;https://theposterdb.com/search?term=The%20Purple%20Rose%20of%20Cairo%201985
CHRONICLE_OF_A_SUMMER_1961;Chronicle of a Summer;1961;Jean Rouch;OK;tmdb;84972;Chronicle of a Summer;CHRONICLE_OF_A_SUMMER_1961.jpg;;https://theposterdb.com/search?term=Chronicle%20of%20a%20Summer%201961
TRAINSPOTTING_1996;Trainspotting;1996;Danny Boyle;OK;tmdb;627;Ferrovipathes;TRAINSPOTTING_1996.jpg;;https://theposterdb.com/search?term=Trainspotting%201996
BAMBI_1942;Bambi;1942;David Hand;OK;tmdb;3170;Bambi;BAMBI_1942.jpg;;https://theposterdb.com/search?term=Bambi%201942
THE_GHOST_AND_MRS_MUIR_1947;The Ghost and Mrs. Muir;1947;Joseph L. Mankiewicz;OK;tmdb;22292;L'Aventure de Mme Muir;THE_GHOST_AND_MRS_MUIR_1947.jpg;;https://theposterdb.com/search?term=The%20Ghost%20and%20Mrs.%20Muir%201947
THE_GREAT_BEAUTY_2013;The Great Beauty;2013;Paolo Sorrentino;OK;tmdb;179144;The Great Beauty;THE_GREAT_BEAUTY_2013.jpg;;https://theposterdb.com/search?term=The%20Great%20Beauty%202013
INTRUDER_THE_2004;Intruder, The;2004;Claire Denis;OK;tmdb;20388;Intruder, The;INTRUDER_THE_2004.jpg;;https://theposterdb.com/search?term=Intruder%2C%20The%202004
TOY_STORY_1995;Toy Story;1995;John Lasseter;OK;tmdb;862;Histoire de Jouets;TOY_STORY_1995.jpg;;https://theposterdb.com/search?term=Toy%20Story%201995
WILD_AT_HEART_1990;Wild at Heart;1990;David Lynch;OK;tmdb;483;Sailor et Lula;WILD_AT_HEART_1990.jpg;;https://theposterdb.com/search?term=Wild%20at%20Heart%201990
THE_SORROW_AND_THE_PITY_1969;The Sorrow and the Pity;1969;Marcel Ophüls;NOT_FOUND;tpdb_manual;;;;aucun match TMDB assez sûr;https://theposterdb.com/search?term=The%20Sorrow%20and%20the%20Pity%201969
THELMA_LOUISE_1991;Thelma & Louise;1991;Ridley Scott;OK;tmdb;1541;Thelma & Louise;THELMA_LOUISE_1991.jpg;;https://theposterdb.com/search?term=Thelma%20%26%20Louise%201991
GIMME_SHELTER_1970;Gimme Shelter;1970;Albert Maysles;OK;tmdb;132;Gimme Shelter;GIMME_SHELTER_1970.jpg;;https://theposterdb.com/search?term=Gimme%20Shelter%201970
CHRONICLE_OF_ANNA_MAGDALENA_BACH_1968;Chronicle of Anna Magdalena Bach;1968;Jean-Marie Straub;OK;tmdb;95600;Chronique d'Anna Magdalena Bach;CHRONICLE_OF_ANNA_MAGDALENA_BACH_1968.jpg;;https://theposterdb.com/search?term=Chronicle%20of%20Anna%20Magdalena%20Bach%201968
CURE_1997;Cure;1997;Kiyoshi Kurosawa;OK;tmdb;36095;Cure;CURE_1997.jpg;;https://theposterdb.com/search?term=Cure%201997
SALESMAN_1969;Salesman;1969;Albert Maysles;OK;tmdb;27375;Salesman;SALESMAN_1969.jpg;;https://theposterdb.com/search?term=Salesman%201969
4_MONTHS_3_WEEKS_AND_2_DAYS_2007;4 Months, 3 Weeks and 2 Days;2007;Cristian Mungiu;OK;tmdb;2009;4 mois, 3 semaines, 2 jours;4_MONTHS_3_WEEKS_AND_2_DAYS_2007.jpg;;https://theposterdb.com/search?term=4%20Months%2C%203%20Weeks%20and%202%20Days%202007
BEFORE_SUNSET_2004;Before Sunset;2004;Richard Linklater;OK;tmdb;80;Before Sunset;BEFORE_SUNSET_2004.jpg;;https://theposterdb.com/search?term=Before%20Sunset%202004
DISTANT_2002;Distant;2002;Nuri Bilge Ceylan;OK;tmdb;612184;Distant;DISTANT_2002.jpg;;https://theposterdb.com/search?term=Distant%202002
LOCAL_HERO_1983;Local Hero;1983;Bill Forsyth;OK;tmdb;11235;Local hero;LOCAL_HERO_1983.jpg;;https://theposterdb.com/search?term=Local%20Hero%201983
HOLY_MOUNTAIN_THE_1973;Holy Mountain, The;1973;Alejandro Jodorowsky;OK;tmdb;8327;La Montagne sacrée;HOLY_MOUNTAIN_THE_1973.jpg;;https://theposterdb.com/search?term=Holy%20Mountain%2C%20The%201973
BEN_HUR_1959;Ben-Hur;1959;William Wyler;OK;tmdb;665;Ben Hur;BEN_HUR_1959.jpg;;https://theposterdb.com/search?term=Ben-Hur%201959
LANCELOT_DU_LAC_1974;Lancelot du Lac;1974;Robert Bresson;OK;tmdb;55848;Lancelot du Lac;LANCELOT_DU_LAC_1974.jpg;;https://theposterdb.com/search?term=Lancelot%20du%20Lac%201974
MEMENTO_2000;Memento;2000;Christopher Nolan;OK;tmdb;77;Mémento;MEMENTO_2000.jpg;;https://theposterdb.com/search?term=Memento%202000
7_WOMEN_1965;7 Women;1965;John Ford;OK;tmdb;68692;Frontière chinoise;7_WOMEN_1965.jpg;;https://theposterdb.com/search?term=7%20Women%201965
ONCE_UPON_A_TIME_IN_HOLLYWOOD_2019;Once Upon a Time... in Hollywood;2019;Quentin Tarantino;OK;tmdb;466272;Il était une fois... à Hollywood;ONCE_UPON_A_TIME_IN_HOLLYWOOD_2019.jpg;;https://theposterdb.com/search?term=Once%20Upon%20a%20Time...%20in%20Hollywood%202019
PARTY_THE_1968;Party, The;1968;Blake Edwards;OK;tmdb;10794;La Party;PARTY_THE_1968.jpg;;https://theposterdb.com/search?term=Party%2C%20The%201968
IL_GRIDO_1957;Il Grido;1957;Michelangelo Antonioni;OK;tmdb;41054;Le Cri;IL_GRIDO_1957.jpg;;https://theposterdb.com/search?term=Il%20Grido%201957
THE_PHANTOM_OF_LIBERTY_1974;The Phantom of Liberty;1974;Luis Buñuel;OK;tmdb;5558;The Phantom of Liberty;THE_PHANTOM_OF_LIBERTY_1974.jpg;;https://theposterdb.com/search?term=The%20Phantom%20of%20Liberty%201974
FISH_TANK_2009;Fish Tank;2009;Andrea Arnold;OK;tmdb;24469;Fish Tank;FISH_TANK_2009.jpg;;https://theposterdb.com/search?term=Fish%20Tank%202009
PAPER_MOON_1973;Paper Moon;1973;Peter Bogdanovich;OK;tmdb;11293;La Barbe à papa;PAPER_MOON_1973.jpg;;https://theposterdb.com/search?term=Paper%20Moon%201973
SAUVE_QUI_PEUT_LA_VIE_1980;Sauve qui peut (la vie);1980;Jean-Luc Godard;OK;tmdb;113479;Sauve qui peut (la vie);SAUVE_QUI_PEUT_LA_VIE_1980.jpg;;https://theposterdb.com/search?term=Sauve%20qui%20peut%20%28la%20vie%29%201980
KAAGAZ_KE_PHOOL_1959;Kaagaz Ke Phool;1959;Guru Dutt;OK;tmdb;53767;Fleurs de papier;KAAGAZ_KE_PHOOL_1959.jpg;;https://theposterdb.com/search?term=Kaagaz%20Ke%20Phool%201959
THE_SUN_SHINES_BRIGHT_1953;The Sun Shines Bright;1953;John Ford;OK;tmdb;109539;Le soleil brille pour tout le monde;THE_SUN_SHINES_BRIGHT_1953.jpg;;https://theposterdb.com/search?term=The%20Sun%20Shines%20Bright%201953
THE_ADVENTURES_OF_PRINCE_ACHMED_1926;The Adventures of Prince Achmed;1926;Lotte Reiniger;OK;tmdb;19354;Les Aventures du prince Ahmed;THE_ADVENTURES_OF_PRINCE_ACHMED_1926.jpg;;https://theposterdb.com/search?term=The%20Adventures%20of%20Prince%20Achmed%201926
DAZED_AND_CONFUSED_1993;Dazed and Confused;1993;Richard Linklater;OK;tmdb;9571;Génération Rebelle;DAZED_AND_CONFUSED_1993.jpg;;https://theposterdb.com/search?term=Dazed%20and%20Confused%201993
NOUVELLE_VAGUE_1990;Nouvelle vague;1990;Jean-Luc Godard;OK;tmdb;32691;Nouvelle vague;NOUVELLE_VAGUE_1990.jpg;;https://theposterdb.com/search?term=Nouvelle%20vague%201990
LOVE_ME_TONIGHT_1932;Love Me Tonight;1932;Rouben Mamoulian;OK;tmdb;31532;Aimez-moi ce soir;LOVE_ME_TONIGHT_1932.jpg;;https://theposterdb.com/search?term=Love%20Me%20Tonight%201932
HUNGER_2008;Hunger;2008;Steve McQueen;OK;tmdb;10360;Hunger;HUNGER_2008.jpg;;https://theposterdb.com/search?term=Hunger%202008
MOONFLEET_1955;Moonfleet;1955;Fritz Lang;OK;tmdb;29967;Les Contrebandiers de Moonfleet;MOONFLEET_1955.jpg;;https://theposterdb.com/search?term=Moonfleet%201955
A_NEW_LEAF_1971;A New Leaf;1971;Elaine May;OK;tmdb;36850;Un nouveau départ;A_NEW_LEAF_1971.jpg;;https://theposterdb.com/search?term=A%20New%20Leaf%201971
THE_HAWKS_AND_THE_SPARROWS_1966;The Hawks and the Sparrows;1966;Pier Paolo Pasolini;OK;tmdb;33954;Des oiseaux, petits et gros;THE_HAWKS_AND_THE_SPARROWS_1966.jpg;;https://theposterdb.com/search?term=The%20Hawks%20and%20the%20Sparrows%201966
THE_EMPEROR_S_NAKED_ARMY_MARCHES_ON_1987;The Emperor's Naked Army Marches On;1987;Kazuo Hara;NOT_FOUND;tpdb_manual;;;;aucun match TMDB assez sûr;https://theposterdb.com/search?term=The%20Emperor%27s%20Naked%20Army%20Marches%20On%201987
MOULIN_ROUGE_2001;Moulin Rouge!;2001;Baz Luhrmann;OK;tmdb;824;Moulin Rouge !;MOULIN_ROUGE_2001.jpg;;https://theposterdb.com/search?term=Moulin%20Rouge%21%202001
STAND_BY_ME_1986;Stand by Me;1986;Rob Reiner;OK;tmdb;235;Compte sur moi;STAND_BY_ME_1986.jpg;;https://theposterdb.com/search?term=Stand%20by%20Me%201986
ANTONIO_DAS_MORTES_1969;Antonio das Mortes;1969;Glauber Rocha;OK;tmdb;74349;Antonio Das Mortes;ANTONIO_DAS_MORTES_1969.jpg;;https://theposterdb.com/search?term=Antonio%20das%20Mortes%201969
LES_DAMES_DU_BOIS_DE_BOULOGNE_1945;Les Dames du Bois de Boulogne;1945;Robert Bresson;OK;tmdb;49845;Les Dames du Bois de Boulogne;LES_DAMES_DU_BOIS_DE_BOULOGNE_1945.jpg;;https://theposterdb.com/search?term=Les%20Dames%20du%20Bois%20de%20Boulogne%201945
FLY_THE_1986;Fly, The;1986;David Cronenberg;OK;tmdb;9426;La Mouche;FLY_THE_1986.jpg;;https://theposterdb.com/search?term=Fly%2C%20The%201986
MILLER_S_CROSSING_1990;Miller's Crossing;1990;Joel Coen;OK;tmdb;379;Miller's Crossing;MILLER_S_CROSSING_1990.jpg;;https://theposterdb.com/search?term=Miller%27s%20Crossing%201990
TITICUT_FOLLIES_1967;Titicut Follies;1967;Frederick Wiseman;OK;tmdb;41212;Titicut Follies;TITICUT_FOLLIES_1967.jpg;;https://theposterdb.com/search?term=Titicut%20Follies%201967
OH_SUN_1970;Oh, Sun;1970;Med Hondo;NOT_FOUND;tpdb_manual;;;;aucun match TMDB assez sûr;https://theposterdb.com/search?term=Oh%2C%20Sun%201970
THE_BAD_AND_THE_BEAUTIFUL_1952;The Bad and the Beautiful;1952;Vincente Minnelli;OK;tmdb;32499;Les Ensorcelés;THE_BAD_AND_THE_BEAUTIFUL_1952.jpg;;https://theposterdb.com/search?term=The%20Bad%20and%20the%20Beautiful%201952
THE_TIGER_OF_ESCHNAPUR_1958;The Tiger of Eschnapur;1958;Fritz Lang;OK;tmdb;71041;Le Tigre du Bengale;THE_TIGER_OF_ESCHNAPUR_1958.jpg;;https://theposterdb.com/search?term=The%20Tiger%20of%20Eschnapur%201958
35_SHOTS_OF_RUM_2008;35 Shots of Rum;2008;Claire Denis;OK;tmdb;26191;35 Shots of Rum;35_SHOTS_OF_RUM_2008.jpg;;https://theposterdb.com/search?term=35%20Shots%20of%20Rum%202008
ONE_WAY_OR_ANOTHER_1977;One Way or Another;1977;Sara Gómez;OK;tmdb;162505;One Way or Another;ONE_WAY_OR_ANOTHER_1977.jpg;;https://theposterdb.com/search?term=One%20Way%20or%20Another%201977
DESIGN_FOR_LIVING_1933;Design for Living;1933;Ernst Lubitsch;OK;tmdb;77210;Sérénade à trois;DESIGN_FOR_LIVING_1933.jpg;;https://theposterdb.com/search?term=Design%20for%20Living%201933
LOLITA_1962;Lolita;1962;Stanley Kubrick;OK;tmdb;802;Lolita;LOLITA_1962.jpg;;https://theposterdb.com/search?term=Lolita%201962
PHANTOM_OF_THE_PARADISE_1974;Phantom of the Paradise;1974;Brian De Palma;OK;tmdb;27327;Le Fantôme du Paradis;PHANTOM_OF_THE_PARADISE_1974.jpg;;https://theposterdb.com/search?term=Phantom%20of%20the%20Paradise%201974
TRIUMPH_OF_THE_WILL_1935;Triumph of the Will;1935;Leni Riefenstahl;OK;tmdb;39266;Le Triomphe de la volonté;TRIUMPH_OF_THE_WILL_1935.jpg;;https://theposterdb.com/search?term=Triumph%20of%20the%20Will%201935
JFK_1991;JFK;1991;Oliver Stone;OK;tmdb;820;JFK;JFK_1991.jpg;;https://theposterdb.com/search?term=JFK%201991
NEW_YORK_NEW_YORK_1977;New York, New York;1977;Martin Scorsese;OK;tmdb;12637;New York, New York;NEW_YORK_NEW_YORK_1977.jpg;;https://theposterdb.com/search?term=New%20York%2C%20New%20York%201977
THE_NEW_WORLD_2005;The New World;2005;Terrence Malick;OK;tmdb;11400;Le Nouveau Monde;THE_NEW_WORLD_2005.jpg;;https://theposterdb.com/search?term=The%20New%20World%202005
DIARIES_NOTES_AND_SKETCHES_1969;Diaries, Notes and Sketches;1969;Jonas Mekas;OK;tmdb;105583;Diaries, Notes and Sketches;DIARIES_NOTES_AND_SKETCHES_1969.jpg;;https://theposterdb.com/search?term=Diaries%2C%20Notes%20and%20Sketches%201969
SUBARNAREKHA_1965;Subarnarekha;1965;Ritwik Ghatak;OK;tmdb;86303;La Rivière Subarnarekha;SUBARNAREKHA_1965.jpg;;https://theposterdb.com/search?term=Subarnarekha%201965
THE_COOK_THE_THIEF_HIS_WIFE_HER_LOVER_1989;The Cook, the Thief, His Wife & Her Lover;1989;Peter Greenaway;OK;tmdb;7452;Le Cuisinier, le voleur, sa femme et son amant;THE_COOK_THE_THIEF_HIS_WIFE_HER_LOVER_1989.jpg;;https://theposterdb.com/search?term=The%20Cook%2C%20the%20Thief%2C%20His%20Wife%20%26%20Her%20Lover%201989
THE_WILD_CHILD_1970;The Wild Child;1970;François Truffaut;OK;tmdb;1627;The Wild Child;THE_WILD_CHILD_1970.jpg;;https://theposterdb.com/search?term=The%20Wild%20Child%201970
CLUELESS_1995;Clueless;1995;Amy Heckerling;OK;tmdb;9603;Les collégiennes de Beverly Hills;CLUELESS_1995.jpg;;https://theposterdb.com/search?term=Clueless%201995
FORT_APACHE_1948;Fort Apache;1948;John Ford;OK;tmdb;37347;Le Massacre de Fort Apache;FORT_APACHE_1948.jpg;;https://theposterdb.com/search?term=Fort%20Apache%201948
MADCHEN_IN_UNIFORM_1931;Mädchen in Uniform;1931;Leontine Sagan;OK;tmdb;9653;Jeunes Filles en uniforme;MADCHEN_IN_UNIFORM_1931.jpg;;https://theposterdb.com/search?term=M%C3%A4dchen%20in%20Uniform%201931
TWO_ENGLISH_GIRLS_1971;Two English Girls;1971;François Truffaut;OK;tmdb;42513;Twee Engelsen en het continent;TWO_ENGLISH_GIRLS_1971.jpg;;https://theposterdb.com/search?term=Two%20English%20Girls%201971
FLAMING_CREATURES_1963;Flaming Creatures;1963;Jack Smith;OK;tmdb;47122;Flaming Creatures;FLAMING_CREATURES_1963.jpg;;https://theposterdb.com/search?term=Flaming%20Creatures%201963
THE_MAN_WHO_WOULD_BE_KING_1975;The Man Who Would Be King;1975;John Huston;OK;tmdb;983;L'homme qui voulut être roi;THE_MAN_WHO_WOULD_BE_KING_1975.jpg;;https://theposterdb.com/search?term=The%20Man%20Who%20Would%20Be%20King%201975
HELLZAPOPPIN_1941;Hellzapoppin';1941;H.C. Potter;OK;tmdb;19136;Hellzapoppin;HELLZAPOPPIN_1941.jpg;;https://theposterdb.com/search?term=Hellzapoppin%27%201941
THE_AGE_OF_THE_EARTH_1980;The Age of the Earth;1980;Glauber Rocha;OK;tmdb;76816;L'Âge de la Terre;THE_AGE_OF_THE_EARTH_1980.jpg;;https://theposterdb.com/search?term=The%20Age%20of%20the%20Earth%201980
EDWARD_SCISSORHANDS_1990;Edward Scissorhands;1990;Tim Burton;OK;tmdb;162;Edward aux mains d'argent;EDWARD_SCISSORHANDS_1990.jpg;;https://theposterdb.com/search?term=Edward%20Scissorhands%201990
GREAT_EXPECTATIONS_1946;Great Expectations;1946;David Lean;OK;tmdb;14320;Les Grandes Espérances;GREAT_EXPECTATIONS_1946.jpg;;https://theposterdb.com/search?term=Great%20Expectations%201946
BLISSFULLY_YOURS_2002;Blissfully Yours;2002;Apichatpong Weerasethakul;OK;tmdb;47046;Blissfully Yours;BLISSFULLY_YOURS_2002.jpg;;https://theposterdb.com/search?term=Blissfully%20Yours%202002
MOTHER_AND_SON_1997;Mother and Son;1997;Aleksandr Sokurov;OK;tmdb;44361;Mère et Fils;MOTHER_AND_SON_1997.jpg;;https://theposterdb.com/search?term=Mother%20and%20Son%201997
CODE_UNKNOWN_2000;Code Unknown;2000;Michael Haneke;OK;tmdb;30970;Code Unknown;CODE_UNKNOWN_2000.jpg;;https://theposterdb.com/search?term=Code%20Unknown%202000
MY_LIFE_AS_A_DOG_1985;My Life as a Dog;1985;Lasse Hallström;OK;tmdb;8816;Ma vie de chien;MY_LIFE_AS_A_DOG_1985.jpg;;https://theposterdb.com/search?term=My%20Life%20as%20a%20Dog%201985
TRIAL_THE_1962;Trial, The;1962;Orson Welles;OK;tmdb;3009;Le Procès;TRIAL_THE_1962.jpg;;https://theposterdb.com/search?term=Trial%2C%20The%201962
AIRPLANE_1980;Airplane!;1980;Jim Abrahams;OK;tmdb;813;Y a-t-il un pilote dans l'avion ?;AIRPLANE_1980.jpg;;https://theposterdb.com/search?term=Airplane%21%201980
FOOLISH_WIVES_1922;Foolish Wives;1922;Erich von Stroheim;OK;tmdb;35227;Folies de femmes;FOOLISH_WIVES_1922.jpg;;https://theposterdb.com/search?term=Foolish%20Wives%201922
MAMMA_ROMA_1962;Mamma Roma;1962;Pier Paolo Pasolini;OK;tmdb;47796;Mamma Roma;MAMMA_ROMA_1962.jpg;;https://theposterdb.com/search?term=Mamma%20Roma%201962
MOROCCO_1930;Morocco;1930;Josef von Sternberg;OK;tmdb;42641;Cœurs brûlés;MOROCCO_1930.jpg;;https://theposterdb.com/search?term=Morocco%201930
MIKEY_AND_NICKY_1976;Mikey and Nicky;1976;Elaine May;OK;tmdb;59143;Mikey et Nicky;MIKEY_AND_NICKY_1976.jpg;;https://theposterdb.com/search?term=Mikey%20and%20Nicky%201976
SCARFACE_1983;Scarface;1983;Brian De Palma;OK;tmdb;111;Le balafré;SCARFACE_1983.jpg;;https://theposterdb.com/search?term=Scarface%201983
WINGS_1966;Wings;1966;Larisa Shepitko;OK;tmdb;382414;Wings;WINGS_1966.jpg;;https://theposterdb.com/search?term=Wings%201966
REQUIEM_FOR_A_DREAM_2000;Requiem for a Dream;2000;Darren Aronofsky;OK;tmdb;641;Retour à Brooklyn;REQUIEM_FOR_A_DREAM_2000.jpg;;https://theposterdb.com/search?term=Requiem%20for%20a%20Dream%202000
DOG_STAR_MAN_1964;Dog Star Man;1964;Stan Brakhage;OK;tmdb;127323;Dog Star Man;DOG_STAR_MAN_1964.jpg;;https://theposterdb.com/search?term=Dog%20Star%20Man%201964
UN_CHANT_D_AMOUR_1950;Un Chant d'amour;1950;Jean Genet;OK;tmdb;87561;Un Chant d'amour;UN_CHANT_D_AMOUR_1950.jpg;;https://theposterdb.com/search?term=Un%20Chant%20d%27amour%201950
EVIL_DEAD_II_1987;Evil Dead II;1987;Sam Raimi;OK;tmdb;765;Evil Dead 2;EVIL_DEAD_II_1987.jpg;;https://theposterdb.com/search?term=Evil%20Dead%20II%201987
THIEF_OF_BAGDAD_THE_1940;Thief of Bagdad, The;1940;Michael Powell;OK;tmdb;12232;Le Voleur de Bagdad;THIEF_OF_BAGDAD_THE_1940.jpg;;https://theposterdb.com/search?term=Thief%20of%20Bagdad%2C%20The%201940
LET_THE_RIGHT_ONE_IN_2008;Let the Right One In;2008;Tomas Alfredson;OK;tmdb;13310;Morse;LET_THE_RIGHT_ONE_IN_2008.jpg;;https://theposterdb.com/search?term=Let%20the%20Right%20One%20In%202008
ZELIG_1983;Zelig;1983;Woody Allen;OK;tmdb;11030;Zelig;ZELIG_1983.jpg;;https://theposterdb.com/search?term=Zelig%201983
BROADCAST_NEWS_1987;Broadcast News;1987;James L. Brooks;OK;tmdb;12626;Broadcast News;BROADCAST_NEWS_1987.jpg;;https://theposterdb.com/search?term=Broadcast%20News%201987
MARGARET_2011;Margaret;2011;Kenneth Lonergan;OK;tmdb;44754;Margaret;MARGARET_2011.jpg;;https://theposterdb.com/search?term=Margaret%202011
ALL_QUIET_ON_THE_WESTERN_FRONT_1930;All Quiet on the Western Front;1930;Lewis Milestone;OK;tmdb;143;À l'ouest, rien de nouveau;ALL_QUIET_ON_THE_WESTERN_FRONT_1930.jpg;;https://theposterdb.com/search?term=All%20Quiet%20on%20the%20Western%20Front%201930
THE_GREAT_ESCAPE_1963;The Great Escape;1963;John Sturges;OK;tmdb;5925;La Grande Évasion;THE_GREAT_ESCAPE_1963.jpg;;https://theposterdb.com/search?term=The%20Great%20Escape%201963
SAVING_PRIVATE_RYAN_1998;Saving Private Ryan;1998;Steven Spielberg;OK;tmdb;857;Il faut sauver le soldat Ryan;SAVING_PRIVATE_RYAN_1998.jpg;;https://theposterdb.com/search?term=Saving%20Private%20Ryan%201998
A_WOMAN_OF_PARIS_1923;A Woman of Paris;1923;Charles Chaplin;OK;tmdb;28974;L'Opinion publique;A_WOMAN_OF_PARIS_1923.jpg;;https://theposterdb.com/search?term=A%20Woman%20of%20Paris%201923
DUMBO_1941;Dumbo;1941;Ben Sharpsteen;OK;tmdb;11360;Dumbo;DUMBO_1941.jpg;;https://theposterdb.com/search?term=Dumbo%201941
INGLOURIOUS_BASTERDS_2009;Inglourious Basterds;2009;Quentin Tarantino;OK;tmdb;16869;Le commando des bâtards;INGLOURIOUS_BASTERDS_2009.jpg;;https://theposterdb.com/search?term=Inglourious%20Basterds%202009
THE_PRODUCERS_1968;The Producers;1968;Mel Brooks;OK;tmdb;30197;Les Producteurs;THE_PRODUCERS_1968.jpg;;https://theposterdb.com/search?term=The%20Producers%201968
SHE_WORE_A_YELLOW_RIBBON_1949;She Wore a Yellow Ribbon;1949;John Ford;OK;tmdb;13909;La Charge héroïque;SHE_WORE_A_YELLOW_RIBBON_1949.jpg;;https://theposterdb.com/search?term=She%20Wore%20a%20Yellow%20Ribbon%201949
FORBIDDEN_GAMES_1952;Forbidden Games;1952;René Clément;OK;tmdb;5000;Jeux interdits;FORBIDDEN_GAMES_1952.jpg;;https://theposterdb.com/search?term=Forbidden%20Games%201952
VAN_GOGH_1991;Van Gogh;1991;Maurice Pialat;OK;tmdb;4734;Van Gogh;VAN_GOGH_1991.jpg;;https://theposterdb.com/search?term=Van%20Gogh%201991
SHOCK_CORRIDOR_1963;Shock Corridor;1963;Samuel Fuller;OK;tmdb;25504;Shock Corridor;SHOCK_CORRIDOR_1963.jpg;;https://theposterdb.com/search?term=Shock%20Corridor%201963
GRIZZLY_MAN_2005;Grizzly Man;2005;Werner Herzog;OK;tmdb;501;Grizzly Man;GRIZZLY_MAN_2005.jpg;;https://theposterdb.com/search?term=Grizzly%20Man%202005
WOMEN_ON_THE_VERGE_OF_A_NERVOUS_BREAKDOWN_1988;Women on the Verge of a Nervous Breakdown;1988;Pedro Almodóvar;OK;tmdb;4203;Femmes au bord de la crise de nerfs;WOMEN_ON_THE_VERGE_OF_A_NERVOUS_BREAKDOWN_1988.jpg;;https://theposterdb.com/search?term=Women%20on%20the%20Verge%20of%20a%20Nervous%20Breakdown%201988
AFTER_HOURS_1985;After Hours;1985;Martin Scorsese;OK;tmdb;10843;After Hours;AFTER_HOURS_1985.jpg;;https://theposterdb.com/search?term=After%20Hours%201985
ABRAHAM_S_VALLEY_1993;Abraham's Valley;1993;Manoel de Oliveira;OK;tmdb;107693;Val Abraham;ABRAHAM_S_VALLEY_1993.jpg;;https://theposterdb.com/search?term=Abraham%27s%20Valley%201993
PASSION_1982;Passion;1982;Jean-Luc Godard;OK;tmdb;32692;Passion;PASSION_1982.jpg;;https://theposterdb.com/search?term=Passion%201982
MY_LITTLE_LOVES_1974;My Little Loves;1974;Jean Eustache;OK;tmdb;64296;My Little Loves;MY_LITTLE_LOVES_1974.jpg;;https://theposterdb.com/search?term=My%20Little%20Loves%201974
INVASION_OF_THE_BODY_SNATCHERS_1956;Invasion of the Body Snatchers;1956;Don Siegel;OK;tmdb;11549;L'Invasion des profanateurs de sépultures;INVASION_OF_THE_BODY_SNATCHERS_1956.jpg;;https://theposterdb.com/search?term=Invasion%20of%20the%20Body%20Snatchers%201956
ROSE_HOBART_1936;Rose Hobart;1936;Joseph Cornell;OK;tmdb;105552;Rose Hobart;ROSE_HOBART_1936.jpg;;https://theposterdb.com/search?term=Rose%20Hobart%201936
BLUE_IS_THE_WARMEST_COLOUR_2013;Blue is the Warmest Colour;2013;Abdellatif Kechiche;OK;tmdb;152584;La Vie d'Adèle;BLUE_IS_THE_WARMEST_COLOUR_2013.jpg;;https://theposterdb.com/search?term=Blue%20is%20the%20Warmest%20Colour%202013
PETITE_MAMAN_2021;Petite Maman;2021;Céline Sciamma;OK;tmdb;749004;Petite Maman;PETITE_MAMAN_2021.jpg;;https://theposterdb.com/search?term=Petite%20Maman%202021
AMORES_PERROS_2000_INARRITU;Amores perros;2000;Alejandro González Iñárritu;OK;tmdb;55;Amours chiennes;AMORES_PERROS_2000_INARRITU.jpg;;https://theposterdb.com/search?term=Amores%20perros%202000
POINT_BREAK_1991;Point Break;1991;Kathryn Bigelow;OK;tmdb;1089;Point Break : Extrême limite;POINT_BREAK_1991.jpg;;https://theposterdb.com/search?term=Point%20Break%201991
THE_SON_2002;The Son;2002;Jean-Pierre Dardenne;OK;tmdb;35172;The Son;THE_SON_2002.jpg;;https://theposterdb.com/search?term=The%20Son%202002
O_LUCKY_MAN_1973;O Lucky Man!;1973;Lindsay Anderson;OK;tmdb;42464;Le meilleur des mondes possibles;O_LUCKY_MAN_1973.jpg;;https://theposterdb.com/search?term=O%20Lucky%20Man%21%201973
DEEP_END_1970;Deep End;1970;Jerzy Skolimowski;OK;tmdb;59408;Grand Bain;DEEP_END_1970.jpg;;https://theposterdb.com/search?term=Deep%20End%201970
WHITE_HEAT_1949;White Heat;1949;Raoul Walsh;OK;tmdb;15794;L'enfer est à lui;WHITE_HEAT_1949.jpg;;https://theposterdb.com/search?term=White%20Heat%201949
LA_COMMUNE_PARIS_1871_2000;La Commune (Paris, 1871);2000;Peter Watkins;OK;tmdb;63195;La Commune (Paris, 1871);LA_COMMUNE_PARIS_1871_2000.jpg;;https://theposterdb.com/search?term=La%20Commune%20%28Paris%2C%201871%29%202000
TOUTE_UNE_NUIT_1982;Toute une nuit;1982;Chantal Akerman;OK;tmdb;63215;Toute une nuit;TOUTE_UNE_NUIT_1982.jpg;;https://theposterdb.com/search?term=Toute%20une%20nuit%201982
LOSING_GROUND_1982;Losing Ground;1982;Kathleen Collins;OK;tmdb;273896;Losing Ground;LOSING_GROUND_1982.jpg;;https://theposterdb.com/search?term=Losing%20Ground%201982
THE_RED_AND_THE_WHITE_1967;The Red and the White;1967;Miklós Jancsó;OK;tmdb;52885;Rouges et Blancs;THE_RED_AND_THE_WHITE_1967.jpg;;https://theposterdb.com/search?term=The%20Red%20and%20the%20White%201967
THE_NAKED_ISLAND_1960;The Naked Island;1960;Kaneto Shindo;NOT_FOUND;tpdb_manual;;;;aucun match TMDB assez sûr;https://theposterdb.com/search?term=The%20Naked%20Island%201960
WHO_S_AFRAID_OF_VIRGINIA_WOOLF_1966;Who's Afraid of Virginia Woolf?;1966;Mike Nichols;OK;tmdb;396;Qui a peur de Virginia Woolf ?;WHO_S_AFRAID_OF_VIRGINIA_WOOLF_1966.jpg;;https://theposterdb.com/search?term=Who%27s%20Afraid%20of%20Virginia%20Woolf%3F%201966
SPIONE_1928;Spione;1928;Fritz Lang;OK;tmdb;78507;Les Espions;SPIONE_1928.jpg;;https://theposterdb.com/search?term=Spione%201928
DODES_KA_DEN_1970;Dodes'ka-den;1970;Akira Kurosawa;OK;tmdb;33205;Dodes'kaden;DODES_KA_DEN_1970.jpg;;https://theposterdb.com/search?term=Dodes%27ka-den%201970
THE_ASTHENIC_SYNDROME_1989;The Asthenic Syndrome;1989;Kira Muratova;OK;tmdb;97039;Le Syndrome asthénique;THE_ASTHENIC_SYNDROME_1989.jpg;;https://theposterdb.com/search?term=The%20Asthenic%20Syndrome%201989
STARSHIP_TROOPERS_1997;Starship Troopers;1997;Paul Verhoeven;OK;tmdb;563;Les Patrouilleurs de l'Espace;STARSHIP_TROOPERS_1997.jpg;;https://theposterdb.com/search?term=Starship%20Troopers%201997
PERSEPOLIS_2007;Persepolis;2007;Vincent Paronnaud;OK;tmdb;2011;Persepolis;PERSEPOLIS_2007.jpg;;https://theposterdb.com/search?term=Persepolis%202007
AMOUR_FOU_L_1969;Amour fou, L';1969;Jacques Rivette;OK;tmdb;63401;Amour fou, L';AMOUR_FOU_L_1969.jpg;;https://theposterdb.com/search?term=Amour%20fou%2C%20L%27%201969
ANGEL_1937;Angel;1937;Ernst Lubitsch;OK;tmdb;44208;Ange;ANGEL_1937.jpg;;https://theposterdb.com/search?term=Angel%201937
THE_RIGHT_STUFF_1983;The Right Stuff;1983;Philip Kaufman;OK;tmdb;9549;L'Étoffe des héros;THE_RIGHT_STUFF_1983.jpg;;https://theposterdb.com/search?term=The%20Right%20Stuff%201983
THEY_WERE_EXPENDABLE_1945;They Were Expendable;1945;John Ford;OK;tmdb;18771;Les Sacrifiés;THEY_WERE_EXPENDABLE_1945.jpg;;https://theposterdb.com/search?term=They%20Were%20Expendable%201945
TIME_OF_THE_GYPSIES_1988;Time of the Gypsies;1988;Emir Kusturica;OK;tmdb;20123;Le Temps des gitans;TIME_OF_THE_GYPSIES_1988.jpg;;https://theposterdb.com/search?term=Time%20of%20the%20Gypsies%201988
HITLER_A_FILM_FROM_GERMANY_1977;Hitler: A Film from Germany;1977;Hans-Jürgen Syberberg;OK;tmdb;58435;Hitler, un film d'Allemagne;HITLER_A_FILM_FROM_GERMANY_1977.jpg;;https://theposterdb.com/search?term=Hitler%3A%20A%20Film%20from%20Germany%201977
TOO_EARLY_TOO_LATE_1981;Too Early/Too Late;1981;Jean-Marie Straub;OK;tmdb;97032;Too Early/Too Late;TOO_EARLY_TOO_LATE_1981.jpg;;https://theposterdb.com/search?term=Too%20Early/Too%20Late%201981
SHAME_1968;Shame;1968;Ingmar Bergman;OK;tmdb;26372;La Honte;SHAME_1968.jpg;;https://theposterdb.com/search?term=Shame%201968
MYSTERIES_OF_LISBON_2010;Mysteries of Lisbon;2010;Raúl Ruiz;OK;tmdb;1474601;Mysteries of Lisbon;MYSTERIES_OF_LISBON_2010.jpg;;https://theposterdb.com/search?term=Mysteries%20of%20Lisbon%202010
SICILIA_1999;Sicilia!;1999;Jean-Marie Straub;OK;tmdb;104871;Sicilia!;SICILIA_1999.jpg;;https://theposterdb.com/search?term=Sicilia%21%201999
ATLANTICS_2019;Atlantics;2019;Mati Diop;OK;tmdb;496967;Atlantics;ATLANTICS_2019.jpg;;https://theposterdb.com/search?term=Atlantics%202019
EXCALIBUR_1981;Excalibur;1981;John Boorman;OK;tmdb;11527;Excalibur l'epee magique;EXCALIBUR_1981.jpg;;https://theposterdb.com/search?term=Excalibur%201981
ELEPHANT_TV_1989;Elephant [TV];1989;Alan Clarke;NOT_FOUND;tpdb_manual;;;;aucun match TMDB assez sûr;https://theposterdb.com/search?term=Elephant%20%5BTV%5D%201989
MONTY_PYTHON_AND_THE_HOLY_GRAIL_1975;Monty Python and the Holy Grail;1975;Terry Gilliam;OK;tmdb;762;Monty Python : Sacré Graal !;MONTY_PYTHON_AND_THE_HOLY_GRAIL_1975.jpg;;https://theposterdb.com/search?term=Monty%20Python%20and%20the%20Holy%20Grail%201975
OUTSKIRTS_1933;Outskirts;1933;Boris Barnet;NOT_FOUND;tpdb_manual;;;;aucun match TMDB assez sûr;https://theposterdb.com/search?term=Outskirts%201933
RED_SORGHUM_1987;Red Sorghum;1987;Zhang Yimou;OK;tmdb;42006;Le Sorgho rouge;RED_SORGHUM_1987.jpg;;https://theposterdb.com/search?term=Red%20Sorghum%201987
THE_AFRICAN_QUEEN_1951;The African Queen;1951;John Huston;OK;tmdb;488;L'Odyssée de L'African Queen;THE_AFRICAN_QUEEN_1951.jpg;;https://theposterdb.com/search?term=The%20African%20Queen%201951
SPRING_SUMMER_AUTUMN_WINTER_AND_SPRING_2003;Spring, Summer, Autumn, Winter… and Spring;2003;Kim Ki-duk;OK;tmdb;113;Printemps, été, automne, hiver... et printemps;SPRING_SUMMER_AUTUMN_WINTER_AND_SPRING_2003.jpg;;https://theposterdb.com/search?term=Spring%2C%20Summer%2C%20Autumn%2C%20Winter%E2%80%A6%20and%20Spring%202003
THE_WOMAN_NEXT_DOOR_1981;The Woman Next Door;1981;François Truffaut;OK;tmdb;12579;La Femme D'à Côté;THE_WOMAN_NEXT_DOOR_1981.jpg;;https://theposterdb.com/search?term=The%20Woman%20Next%20Door%201981
THE_NIGHT_OF_COUNTING_THE_YEARS_1969;The Night of Counting the Years;1969;Shadi Abdel Salam;OK;tmdb;46707;La momie;THE_NIGHT_OF_COUNTING_THE_YEARS_1969.jpg;;https://theposterdb.com/search?term=The%20Night%20of%20Counting%20the%20Years%201969
L_ENFANCE_NUE_1968;L' Enfance nue;1968;Maurice Pialat;OK;tmdb;31345;L'Enfance-nue;L_ENFANCE_NUE_1968.jpg;;https://theposterdb.com/search?term=L%27%20Enfance%20nue%201968
SHAUN_OF_THE_DEAD_2004;Shaun of the Dead;2004;Edgar Wright;OK;tmdb;747;Shaun et les zombies;SHAUN_OF_THE_DEAD_2004.jpg;;https://theposterdb.com/search?term=Shaun%20of%20the%20Dead%202004
CARO_DIARIO_1993;Caro diario;1993;Nanni Moretti;OK;tmdb;25403;Journal intime;CARO_DIARIO_1993.jpg;;https://theposterdb.com/search?term=Caro%20diario%201993
AKIRA_KUROSAWA_S_DREAMS_1990;Akira Kurosawa's Dreams;1990;Akira Kurosawa;OK;tmdb;12516;Rêves;AKIRA_KUROSAWA_S_DREAMS_1990.jpg;;https://theposterdb.com/search?term=Akira%20Kurosawa%27s%20Dreams%201990
THE_SEASONS_1975;The Seasons;1975;Artavazd Peleshian;OK;tmdb;44357;Les Saisons;THE_SEASONS_1975.jpg;;https://theposterdb.com/search?term=The%20Seasons%201975
TABU_2012;Tabu;2012;Miguel Gomes;OK;tmdb;93858;Tabou;TABU_2012.jpg;;https://theposterdb.com/search?term=Tabu%202012
DEEP_RED_1975;Deep Red;1975;Dario Argento;OK;tmdb;20126;Les Frissons de l'angoisse;DEEP_RED_1975.jpg;;https://theposterdb.com/search?term=Deep%20Red%201975
PEOPLE_ON_SUNDAY_1930;People on Sunday;1930;Robert Siodmak;OK;tmdb;347;Les Hommes le dimanche;PEOPLE_ON_SUNDAY_1930.jpg;;https://theposterdb.com/search?term=People%20on%20Sunday%201930
HEIMAT_TV_1984;Heimat [TV];1984;Edgar Reitz;NOT_FOUND;tpdb_manual;;;;aucun match TMDB assez sûr;https://theposterdb.com/search?term=Heimat%20%5BTV%5D%201984
SEVEN_BEAUTIES_1975;Seven Beauties;1975;Lina Wertmüller;OK;tmdb;37550;Pasqualino;SEVEN_BEAUTIES_1975.jpg;;https://theposterdb.com/search?term=Seven%20Beauties%201975
RIVER_THE_1997;River, The;1997;Tsai Ming-liang;OK;tmdb;54291;La Rivière;RIVER_THE_1997.jpg;;https://theposterdb.com/search?term=River%2C%20The%201997
SHOLAY_1975;Sholay;1975;Ramesh Sippy;OK;tmdb;12259;Sholay;SHOLAY_1975.jpg;;https://theposterdb.com/search?term=Sholay%201975
NIGHT_OF_THE_DEMON_1957;Night of the Demon;1957;Jacques Tourneur;OK;tmdb;25103;Rendez-vous avec la peur;NIGHT_OF_THE_DEMON_1957.jpg;;https://theposterdb.com/search?term=Night%20of%20the%20Demon%201957
THE_END_OF_SUMMER_1961;The End of Summer;1961;Yasujiro Ozu;OK;tmdb;28273;Dernier caprice;THE_END_OF_SUMMER_1961.jpg;;https://theposterdb.com/search?term=The%20End%20of%20Summer%201961
THE_CRIMINAL_LIFE_OF_ARCHIBALDO_DE_LA_CRUZ_1955;The Criminal Life of Archibaldo de la Cruz;1955;Luis Buñuel;OK;tmdb;37628;La Vie criminelle d'Archibald de La Cruz;THE_CRIMINAL_LIFE_OF_ARCHIBALDO_DE_LA_CRUZ_1955.jpg;;https://theposterdb.com/search?term=The%20Criminal%20Life%20of%20Archibaldo%20de%20la%20Cruz%201955
LE_TROU_1960;Le Trou;1960;Jacques Becker;OK;tmdb;29259;De ontvluchting;LE_TROU_1960.jpg;;https://theposterdb.com/search?term=Le%20Trou%201960
LA_FLOR_2018;La Flor;2018;Mariano Llinás;OK;tmdb;1290929;La Flor;LA_FLOR_2018.jpg;;https://theposterdb.com/search?term=La%20Flor%202018
SIMON_OF_THE_DESERT_1965;Simon of the Desert;1965;Luis Buñuel;OK;tmdb;36265;Simon du désert;SIMON_OF_THE_DESERT_1965.jpg;;https://theposterdb.com/search?term=Simon%20of%20the%20Desert%201965
KWAIDAN_1964;Kwaidan;1964;Masaki Kobayashi;OK;tmdb;30959;Kwaïdan;KWAIDAN_1964.jpg;;https://theposterdb.com/search?term=Kwaidan%201964
NO_HOME_MOVIE_2015;No Home Movie;2015;Chantal Akerman;OK;tmdb;354388;No Home Movie;NO_HOME_MOVIE_2015.jpg;;https://theposterdb.com/search?term=No%20Home%20Movie%202015
THE_KILLER_1989;The Killer;1989;John Woo;OK;tmdb;10835;The Killer;THE_KILLER_1989.jpg;;https://theposterdb.com/search?term=The%20Killer%201989
Z_1969;Z;1969;Costa-Gavras;OK;tmdb;240830;Z;Z_1969.jpg;;https://theposterdb.com/search?term=Z%201969
THE_LORD_OF_THE_RINGS_THE_RETURN_OF_THE_KING_2003;The Lord of the Rings: The Return of the King;2003;Peter Jackson;OK;tmdb;122;Le Seigneur des anneaux : Le Retour du roi;THE_LORD_OF_THE_RINGS_THE_RETURN_OF_THE_KING_2003.jpg;;https://theposterdb.com/search?term=The%20Lord%20of%20the%20Rings%3A%20The%20Return%20of%20the%20King%202003
LA_CHIENNE_1931;La Chienne;1931;Jean Renoir;OK;tmdb;26614;La Chienne;LA_CHIENNE_1931.jpg;;https://theposterdb.com/search?term=La%20Chienne%201931
FROM_THE_CLOUDS_TO_THE_RESISTANCE_1979;From the Clouds to the Resistance;1979;Jean-Marie Straub;OK;tmdb;87415;De la nuée à la résistance;FROM_THE_CLOUDS_TO_THE_RESISTANCE_1979.jpg;;https://theposterdb.com/search?term=From%20the%20Clouds%20to%20the%20Resistance%201979
OTHELLO_1951;Othello;1951;Orson Welles;OK;tmdb;47697;Othello;OTHELLO_1951.jpg;;https://theposterdb.com/search?term=Othello%201951
DOOMED_LOVE_TV_1978;Doomed Love [TV];1978;Manoel de Oliveira;NOT_FOUND;tpdb_manual;;;;aucun match TMDB assez sûr;https://theposterdb.com/search?term=Doomed%20Love%20%5BTV%5D%201978
RETURN_THE_2003;Return, The;2003;Andrey Zvyagintsev;OK;tmdb;11190;Le Retour;RETURN_THE_2003.jpg;;https://theposterdb.com/search?term=Return%2C%20The%202003
KHRUSTALYOV_MY_CAR_1998;Khrustalyov, My Car!;1998;Aleksei German;OK;tmdb;100784;Khroustaliov, ma voiture !;KHRUSTALYOV_MY_CAR_1998.jpg;;https://theposterdb.com/search?term=Khrustalyov%2C%20My%20Car%21%201998
THE_LAST_EMPEROR_1987;The Last Emperor;1987;Bernardo Bertolucci;OK;tmdb;746;Le Dernier Empereur;THE_LAST_EMPEROR_1987.jpg;;https://theposterdb.com/search?term=The%20Last%20Emperor%201987
DIARY_1983;Diary;1983;David Perlov;OK;tmdb;44394;Diary;DIARY_1983.jpg;;https://theposterdb.com/search?term=Diary%201983
BERLIN_SYMPHONY_OF_A_GREAT_CITY_1927;Berlin: Symphony of a Great City;1927;Walter Ruttmann;OK;tmdb;222;Berlin, symphonie d'une grande ville;BERLIN_SYMPHONY_OF_A_GREAT_CITY_1927.jpg;;https://theposterdb.com/search?term=Berlin%3A%20Symphony%20of%20a%20Great%20City%201927
ELEVATOR_TO_THE_GALLOWS_1958;Elevator to the Gallows;1958;Louis Malle;OK;tmdb;1093;Lift naar 't schavot;ELEVATOR_TO_THE_GALLOWS_1958.jpg;;https://theposterdb.com/search?term=Elevator%20to%20the%20Gallows%201958
HOST_THE_2006;Host, The;2006;Bong Joon-ho;OK;tmdb;1255;The Host;HOST_THE_2006.jpg;;https://theposterdb.com/search?term=Host%2C%20The%202006
LA_BETE_HUMAINE_1938;La Bête humaine;1938;Jean Renoir;OK;tmdb;29415;Het dierlijke in den Mensch;LA_BETE_HUMAINE_1938.jpg;;https://theposterdb.com/search?term=La%20B%C3%AAte%20humaine%201938
FOX_AND_HIS_FRIENDS_1975;Fox and His Friends;1975;Rainer Werner Fassbinder;OK;tmdb;42254;Le Droit du plus fort;FOX_AND_HIS_FRIENDS_1975.jpg;;https://theposterdb.com/search?term=Fox%20and%20His%20Friends%201975
OLYMPIA_1938;Olympia;1938;Leni Riefenstahl;OK;tmdb;685;Les dieux du stade, la fête de la beauté;OLYMPIA_1938.jpg;;https://theposterdb.com/search?term=Olympia%201938
THE_PIANIST_2002;The Pianist;2002;Roman Polanski;OK;tmdb;423;Le Pianiste;THE_PIANIST_2002.jpg;;https://theposterdb.com/search?term=The%20Pianist%202002
LEON_1994;Léon;1994;Luc Besson;OK;tmdb;101;Le professionnel;LEON_1994.jpg;;https://theposterdb.com/search?term=L%C3%A9on%201994
THE_LONG_FAREWELL_1971;The Long Farewell;1971;Kira Muratova;OK;tmdb;148822;Les Longs Adieux;THE_LONG_FAREWELL_1971.jpg;;https://theposterdb.com/search?term=The%20Long%20Farewell%201971
SAWDUST_AND_TINSEL_1953;Sawdust and Tinsel;1953;Ingmar Bergman;OK;tmdb;47721;La Nuit des forains;SAWDUST_AND_TINSEL_1953.jpg;;https://theposterdb.com/search?term=Sawdust%20and%20Tinsel%201953
MANHATTA_1921;Manhatta;1921;Charles Sheeler;OK;tmdb;96948;Manhatta;MANHATTA_1921.jpg;;https://theposterdb.com/search?term=Manhatta%201921
LE_RETOUR_A_LA_RAISON_1923;Le Retour à la raison;1923;Man Ray;OK;tmdb;138752;Le Retour à la raison;LE_RETOUR_A_LA_RAISON_1923.jpg;;https://theposterdb.com/search?term=Le%20Retour%20%C3%A0%20la%20raison%201923
STRIKE_1925;Strike;1925;Sergei Eisenstein;OK;tmdb;911900;Strike;STRIKE_1925.jpg;;https://theposterdb.com/search?term=Strike%201925
ANEMIC_CINEMA_1926;Anémic Cinéma;1926;Marcel Duchamp;OK;tmdb;58094;Anémic Cinéma;ANEMIC_CINEMA_1926.jpg;;https://theposterdb.com/search?term=An%C3%A9mic%20Cin%C3%A9ma%201926
MOTHER_1926;Mother;1926;Vsevolod Pudovkin;OK;tmdb;1568070;La marchande d'allumettes;MOTHER_1926.jpg;;https://theposterdb.com/search?term=Mother%201926
RIEN_QUE_LES_HEURES_1926;Rien que les heures;1926;Alberto Cavalcanti;OK;tmdb;116370;Rien que les heures;RIEN_QUE_LES_HEURES_1926.jpg;;https://theposterdb.com/search?term=Rien%20que%20les%20heures%201926
THE_END_OF_ST_PETERSBURG_1927;The End of St. Petersburg;1927;Vsevolod Pudovkin;OK;tmdb;106254;Les derniers jours de Saint-Pétersbourg;THE_END_OF_ST_PETERSBURG_1927.jpg;;https://theposterdb.com/search?term=The%20End%20of%20St.%20Petersburg%201927
DE_BRUG_1928;De Brug;1928;Joris Ivens;OK;tmdb;189872;De Brug;DE_BRUG_1928.jpg;;https://theposterdb.com/search?term=De%20Brug%201928
GHOSTS_BEFORE_BREAKFAST_1928;Ghosts Before Breakfast;1928;Hans Richter;OK;tmdb;144651;Ghosts Before Breakfast;GHOSTS_BEFORE_BREAKFAST_1928.jpg;;https://theposterdb.com/search?term=Ghosts%20Before%20Breakfast%201928
ARSENAL_1929_DOVZHENKO;Arsenal;1929;Alexander Dovzhenko;OK;tmdb;85715;Arsenal;ARSENAL_1929_DOVZHENKO.jpg;;https://theposterdb.com/search?term=Arsenal%201929
REGEN_1929;Regen;1929;Joris Ivens;OK;tmdb;128284;Pluie;REGEN_1929.jpg;;https://theposterdb.com/search?term=Regen%201929
THE_ONLY_SON_1936;The Only Son;1936;Yasujirō Ozu;OK;tmdb;52047;Le Fils unique;THE_ONLY_SON_1936.jpg;;https://theposterdb.com/search?term=The%20Only%20Son%201936
CAT_PEOPLE_1942;Cat People;1942;Jacques Tourneur;OK;tmdb;25508;La Féline;CAT_PEOPLE_1942.jpg;;https://theposterdb.com/search?term=Cat%20People%201942
LES_JEUX_INTERDITS_1952;Les Jeux interdits;1952;René Clément;NOT_FOUND;tpdb_manual;;;;aucun match TMDB assez sûr;https://theposterdb.com/search?term=Les%20Jeux%20interdits%201952
SHANE_1953;Shane;1953;George Stevens;OK;tmdb;3110;L'Homme des vallées perdues;SHANE_1953.jpg;;https://theposterdb.com/search?term=Shane%201953
SALT_OF_THE_EARTH_1954;Salt of the Earth;1954;Herbert J. Biberman;OK;tmdb;23620;Le Sel de la Terre;SALT_OF_THE_EARTH_1954.jpg;;https://theposterdb.com/search?term=Salt%20of%20the%20Earth%201954
TOUCHEZ_PAS_AU_GRISBI_1954;Touchez pas au grisbi;1954;Jacques Becker;OK;tmdb;27430;Touchez pas au grisbi;TOUCHEZ_PAS_AU_GRISBI_1954.jpg;;https://theposterdb.com/search?term=Touchez%20pas%20au%20grisbi%201954
UN_AMERICANO_A_ROMA_1954;Un americano a Roma;1954;Steno;OK;tmdb;43294;Un Américain à Rome;UN_AMERICANO_A_ROMA_1954.jpg;;https://theposterdb.com/search?term=Un%20americano%20a%20Roma%201954
BOB_LE_FLAMBEUR_1955;Bob le Flambeur;1955;Jean-Pierre Melville;OK;tmdb;26030;Bob le Flambeur;BOB_LE_FLAMBEUR_1955.jpg;;https://theposterdb.com/search?term=Bob%20le%20Flambeur%201955
MUERTE_DE_UN_CICLISTA_1955;Muerte de un ciclista;1955;Juan Antonio Bardem;OK;tmdb;72083;Mort d'un cycliste;MUERTE_DE_UN_CICLISTA_1955.jpg;;https://theposterdb.com/search?term=Muerte%20de%20un%20ciclista%201955
A_MOVIE_1958;A Movie;1958;Bruce Conner;OK;tmdb;128682;A Movie;A_MOVIE_1958.jpg;;https://theposterdb.com/search?term=A%20Movie%201958
BALLAD_OF_A_SOLDIER_1959;Ballad of a Soldier;1959;Grigory Chukhrai;OK;tmdb;46592;La ballade du soldat;BALLAD_OF_A_SOLDIER_1959.jpg;;https://theposterdb.com/search?term=Ballad%20of%20a%20Soldier%201959
ARNULF_RAINER_1960;Arnulf Rainer;1960;Peter Kubelka;OK;tmdb;141419;Arnulf Rainer;ARNULF_RAINER_1960.jpg;;https://theposterdb.com/search?term=Arnulf%20Rainer%201960
PRIMARY_1960;Primary;1960;Robert Drew;OK;tmdb;133;Primary;PRIMARY_1960.jpg;;https://theposterdb.com/search?term=Primary%201960
SATURDAY_NIGHT_AND_SUNDAY_MORNING_1960;Saturday Night and Sunday Morning;1960;Karel Reisz;OK;tmdb;37230;Samedi soir, dimanche matin;SATURDAY_NIGHT_AND_SUNDAY_MORNING_1960.jpg;;https://theposterdb.com/search?term=Saturday%20Night%20and%20Sunday%20Morning%201960
ALLURES_1961;Allures;1961;Jordan Belson;OK;tmdb;142191;Allures;ALLURES_1961.jpg;;https://theposterdb.com/search?term=Allures%201961
CHRONIQUE_D_UN_ETE_1961;Chronique d'un été;1961;Jean Rouch;OK;tmdb;84972;Chronique d'un été;CHRONIQUE_D_UN_ETE_1961.jpg;;https://theposterdb.com/search?term=Chronique%20d%27un%20%C3%A9t%C3%A9%201961
LEON_MORIN_PRETRE_1961;Léon Morin, prêtre;1961;Jean-Pierre Melville;OK;tmdb;63892;The Forgiven Sinner;LEON_MORIN_PRETRE_1961.jpg;;https://theposterdb.com/search?term=L%C3%A9on%20Morin%2C%20pr%C3%AAtre%201961
PLACIDO_1961;Plácido;1961;Luis García Berlanga;OK;tmdb;51317;Placido;PLACIDO_1961.jpg;;https://theposterdb.com/search?term=Pl%C3%A1cido%201961
THROUGH_A_GLASS_DARKLY_1961;Through a Glass Darkly;1961;Ingmar Bergman;OK;tmdb;11602;À travers le miroir;THROUGH_A_GLASS_DARKLY_1961.jpg;;https://theposterdb.com/search?term=Through%20a%20Glass%20Darkly%201961
NINE_DAYS_OF_ONE_YEAR_1962;Nine Days of One Year;1962;Mikhail Romm;NOT_FOUND;tpdb_manual;;;;aucun match TMDB assez sûr;https://theposterdb.com/search?term=Nine%20Days%20of%20One%20Year%201962
THE_HOUSE_IS_BLACK_1962;The House Is Black;1962;Forough Farrokhzad;OK;tmdb;44065;La maison est noire;THE_HOUSE_IS_BLACK_1962.jpg;;https://theposterdb.com/search?term=The%20House%20Is%20Black%201962
THE_LONELINESS_OF_THE_LONG_DISTANCE_RUNNER_1962;The Loneliness of the Long Distance Runner;1962;Tony Richardson;OK;tmdb;16103;La solitude du coureur de fond;THE_LONELINESS_OF_THE_LONG_DISTANCE_RUNNER_1962.jpg;;https://theposterdb.com/search?term=The%20Loneliness%20of%20the%20Long%20Distance%20Runner%201962
BOROM_SARRET_1963;Borom Sarret;1963;Ousmane Sembène;OK;tmdb;69909;Borom Sarret;BOROM_SARRET_1963.jpg;;https://theposterdb.com/search?term=Borom%20Sarret%201963
IERI_OGGI_DOMANI_1963;Ieri, oggi, domani;1963;Vittorio De Sica;OK;tmdb;42801;Hier, aujourd'hui et demain;IERI_OGGI_DOMANI_1963.jpg;;https://theposterdb.com/search?term=Ieri%2C%20oggi%2C%20domani%201963
MOTHLIGHT_1963;Mothlight;1963;Stan Brakhage;OK;tmdb;97514;Mothlight;MOTHLIGHT_1963.jpg;;https://theposterdb.com/search?term=Mothlight%201963
POUR_LA_SUITE_DU_MONDE_1963;Pour la suite du monde;1963;Pierre Perrault;OK;tmdb;67403;Pour la suite du monde;POUR_LA_SUITE_DU_MONDE_1963.jpg;;https://theposterdb.com/search?term=Pour%20la%20suite%20du%20monde%201963
THE_SILENCE_1963;The Silence;1963;Ingmar Bergman;OK;tmdb;11506;Le Silence;THE_SILENCE_1963.jpg;;https://theposterdb.com/search?term=The%20Silence%201963
THIS_SPORTING_LIFE_1963;This Sporting Life;1963;Lindsay Anderson;OK;tmdb;18774;Le prix d'un homme;THIS_SPORTING_LIFE_1963.jpg;;https://theposterdb.com/search?term=This%20Sporting%20Life%201963
A_HARD_DAY_S_NIGHT_1964;A Hard Day's Night;1964;Richard Lester;OK;tmdb;704;Quatre garçons dans le vent;A_HARD_DAY_S_NIGHT_1964.jpg;;https://theposterdb.com/search?term=A%20Hard%20Day%27s%20Night%201964
DRY_SUMMER_1964;Dry Summer;1964;Metin Erksan;OK;tmdb;58897;Un été sans eau;DRY_SUMMER_1964.jpg;;https://theposterdb.com/search?term=Dry%20Summer%201964
EMPIRE_1964;Empire;1964;Andy Warhol;OK;tmdb;17277;La Chute de l'Empire romain;EMPIRE_1964.jpg;;https://theposterdb.com/search?term=Empire%201964
MATRIMONIO_ALL_ITALIANA_1964;Matrimonio all'italiana;1964;Vittorio De Sica;OK;tmdb;49687;Mariage à l'italienne;MATRIMONIO_ALL_ITALIANA_1964.jpg;;https://theposterdb.com/search?term=Matrimonio%20all%27italiana%201964
PALE_FLOWER_1964;Pale Flower;1964;Masahiro Shinoda;OK;tmdb;61475;Fleur pâle;PALE_FLOWER_1964.jpg;;https://theposterdb.com/search?term=Pale%20Flower%201964
THE_UP_SERIES_1964;The Up Series;1964;Michael Apted;NOT_FOUND;tpdb_manual;;;;aucun match TMDB assez sûr;https://theposterdb.com/search?term=The%20Up%20Series%201964
CHEMMEEN_1965;Chemmeen;1965;Ramu Kariat;OK;tmdb;265070;Chemmeen;CHEMMEEN_1965.jpg;;https://theposterdb.com/search?term=Chemmeen%201965
IO_LA_CONOSCEVO_BENE_1965;Io la conoscevo bene;1965;Antonio Pietrangeli;OK;tmdb;59336;Je la connaissais bien;IO_LA_CONOSCEVO_BENE_1965.jpg;;https://theposterdb.com/search?term=Io%20la%20conoscevo%20bene%201965
JULIET_OF_THE_SPIRITS_1965;Juliet of the Spirits;1965;Federico Fellini;OK;tmdb;19120;Juliette des esprits;JULIET_OF_THE_SPIRITS_1965.jpg;;https://theposterdb.com/search?term=Juliet%20of%20the%20Spirits%201965
THE_SHOP_ON_MAIN_STREET_1965;The Shop on Main Street;1965;Ján Kadár;OK;tmdb;25905;Le Miroir aux alouettes;THE_SHOP_ON_MAIN_STREET_1965.jpg;;https://theposterdb.com/search?term=The%20Shop%20on%20Main%20Street%201965
DEATH_OF_A_BUREAUCRAT_1966;Death of a Bureaucrat;1966;Tomás Gutiérrez Alea;OK;tmdb;43778;La Mort d'un bureaucrate;DEATH_OF_A_BUREAUCRAT_1966.jpg;;https://theposterdb.com/search?term=Death%20of%20a%20Bureaucrat%201966
FEUILLES_D_AUTOMNE_1966;Feuilles d'automne;1966;Otar Iosseliani;NOT_FOUND;tpdb_manual;;;;aucun match TMDB assez sûr;https://theposterdb.com/search?term=Feuilles%20d%27automne%201966
LAPIS_1966;Lapis;1966;James Whitney;NO_POSTER;tmdb;145619;Lapis;;fiche OK, pas d'affiche;https://theposterdb.com/search?term=Lapis%201966
SZEGENYLEGENYEK_1966;Szegénylegények;1966;Miklós Jancsó;OK;tmdb;94663;Les Sans-espoir;SZEGENYLEGENYEK_1966.jpg;;https://theposterdb.com/search?term=Szeg%C3%A9nyleg%C3%A9nyek%201966
THE_FLICKER_1966;The Flicker;1966;Tony Conrad;OK;tmdb;153180;The Flicker;THE_FLICKER_1966.jpg;;https://theposterdb.com/search?term=The%20Flicker%201966
BRANDED_TO_KILL_1967;Branded to Kill;1967;Seijun Suzuki;OK;tmdb;17905;La Marque du Tueur;BRANDED_TO_KILL_1967.jpg;;https://theposterdb.com/search?term=Branded%20to%20Kill%201967
DONT_LOOK_BACK_1967;Dont Look Back;1967;D. A. Pennebaker;OK;tmdb;135;Dont Look Back;DONT_LOOK_BACK_1967.jpg;;https://theposterdb.com/search?term=Dont%20Look%20Back%201967
I_EVEN_MET_HAPPY_GYPSIES_1967;I Even Met Happy Gypsies;1967;Aleksandar Petrović;OK;tmdb;59088;J'ai même rencontré des tziganes heureux;I_EVEN_MET_HAPPY_GYPSIES_1967.jpg;;https://theposterdb.com/search?term=I%20Even%20Met%20Happy%20Gypsies%201967
LA_COLLECTIONNEUSE_1967;La Collectionneuse;1967;Éric Rohmer;OK;tmdb;4837;La Collectionneuse;LA_COLLECTIONNEUSE_1967.jpg;;https://theposterdb.com/search?term=La%20Collectionneuse%201967
SAMURAI_REBELLION_1967;Samurai Rebellion;1967;Masaki Kobayashi;OK;tmdb;27031;Rébellion;SAMURAI_REBELLION_1967.jpg;;https://theposterdb.com/search?term=Samurai%20Rebellion%201967
THE_COMMISSAR_1967;The Commissar;1967;Aleksandr Askoldov;OK;tmdb;71336;La Commissaire;THE_COMMISSAR_1967.jpg;;https://theposterdb.com/search?term=The%20Commissar%201967
THE_FIREMEN_S_BALL_1967;The Firemen's Ball;1967;Miloš Forman;OK;tmdb;38442;Au feu, les pompiers !;THE_FIREMEN_S_BALL_1967.jpg;;https://theposterdb.com/search?term=The%20Firemen%27s%20Ball%201967
WHEN_I_AM_DEAD_AND_GONE_1967;When I Am Dead and Gone;1967;Živojin Pavlović;OK;tmdb;155992;When I Am Dead and Gone;WHEN_I_AM_DEAD_AND_GONE_1967.jpg;;https://theposterdb.com/search?term=When%20I%20Am%20Dead%20and%20Gone%201967
EARLY_WORKS_1969;Early Works;1969;Želimir Žilnik;OK;tmdb;162421;Travaux précoces;EARLY_WORKS_1969.jpg;;https://theposterdb.com/search?term=Early%20Works%201969
EROS_MASSACRE_1969;Eros + Massacre;1969;Yoshishige Yoshida;OK;tmdb;78117;Eros + Massacre;EROS_MASSACRE_1969.jpg;;https://theposterdb.com/search?term=Eros%20%2B%20Massacre%201969
FUNERAL_PARADE_OF_ROSES_1969;Funeral Parade of Roses;1969;Toshio Matsumoto;OK;tmdb;1556;Les Funérailles des roses;FUNERAL_PARADE_OF_ROSES_1969.jpg;;https://theposterdb.com/search?term=Funeral%20Parade%20of%20Roses%201969
USKI_ROTI_1969;Uski Roti;1969;Mani Kaul;OK;tmdb;112053;Notre pain quotidien;USKI_ROTI_1969.jpg;;https://theposterdb.com/search?term=Uski%20Roti%201969
YAWAR_MALLKU_1969;Yawar Mallku;1969;Jorge Sanjinés;OK;tmdb;157319;Yawar Mallku;YAWAR_MALLKU_1969.jpg;;https://theposterdb.com/search?term=Yawar%20Mallku%201969
EL_TOPO_1970;El Topo;1970;Alejandro Jodorowsky;OK;tmdb;13041;El Topo;EL_TOPO_1970.jpg;;https://theposterdb.com/search?term=El%20Topo%201970
IL_ETAIT_UNE_FOIS_UN_MERLE_CHANTEUR_1970;Il était une fois un merle chanteur;1970;Otar Iosseliani;OK;tmdb;83235;Il était une fois un merle chanteur;IL_ETAIT_UNE_FOIS_UN_MERLE_CHANTEUR_1970.jpg;;https://theposterdb.com/search?term=Il%20%C3%A9tait%20une%20fois%20un%20merle%20chanteur%201970
LE_BOUCHER_1970;Le Boucher;1970;Claude Chabrol;OK;tmdb;2912;Le Boucher;LE_BOUCHER_1970.jpg;;https://theposterdb.com/search?term=Le%20Boucher%201970
SERENE_VELOCITY_1970;Serene Velocity;1970;Ernie Gehr;OK;tmdb;145915;Serene Velocity;SERENE_VELOCITY_1970.jpg;;https://theposterdb.com/search?term=Serene%20Velocity%201970
SOLEIL_O_1970;Soleil Ô;1970;Med Hondo;OK;tmdb;195841;Soleil Ô;SOLEIL_O_1970.jpg;;https://theposterdb.com/search?term=Soleil%20%C3%94%201970
WOODSTOCK_1970;Woodstock;1970;Michael Wadleigh;OK;tmdb;9459;Woodstock;WOODSTOCK_1970.jpg;;https://theposterdb.com/search?term=Woodstock%201970
ZORNS_LEMMA_1970;Zorns Lemma;1970;Hollis Frampton;OK;tmdb;88276;Zorns Lemma;ZORNS_LEMMA_1970.jpg;;https://theposterdb.com/search?term=Zorns%20Lemma%201970
EL_CORAJE_DEL_PUEBLO_1971;El coraje del pueblo;1971;Jorge Sanjinés;OK;tmdb;255797;El coraje del pueblo;EL_CORAJE_DEL_PUEBLO_1971.jpg;;https://theposterdb.com/search?term=El%20coraje%20del%20pueblo%201971
EMITAI_1971;Emitaï;1971;Ousmane Sembène;OK;tmdb;128395;Dieu du tonnerre;EMITAI_1971.jpg;;https://theposterdb.com/search?term=Emita%C3%AF%201971
HOW_TASTY_WAS_MY_LITTLE_FRENCHMAN_1971;How Tasty Was My Little Frenchman;1971;Nelson Pereira dos Santos;OK;tmdb;105347;Qu'il était bon mon petit Français;HOW_TASTY_WAS_MY_LITTLE_FRENCHMAN_1971.jpg;;https://theposterdb.com/search?term=How%20Tasty%20Was%20My%20Little%20Frenchman%201971
MON_ONCLE_ANTOINE_1971;Mon oncle Antoine;1971;Claude Jutra;OK;tmdb;74689;Mon oncle Antoine;MON_ONCLE_ANTOINE_1971.jpg;;https://theposterdb.com/search?term=Mon%20oncle%20Antoine%201971
SHAFT_1971;Shaft;1971;Gordon Parks;OK;tmdb;482;Shaft, les nuits rouges de Harlem;SHAFT_1971.jpg;;https://theposterdb.com/search?term=Shaft%201971
SWEET_SWEETBACK_S_BAADASSSSS_SONG_1971;Sweet Sweetback's Baadasssss Song;1971;Melvin Van Peebles;OK;tmdb;5822;Sweet Sweetback's Baadasssss Song;SWEET_SWEETBACK_S_BAADASSSSS_SONG_1971.jpg;;https://theposterdb.com/search?term=Sweet%20Sweetback%27s%20Baadasssss%20Song%201971
WR_MYSTERIES_OF_THE_ORGANISM_1971;WR: Mysteries of the Organism;1971;Dušan Makavejev;OK;tmdb;42529;WR: Mysteries of the Organism;WR_MYSTERIES_OF_THE_ORGANISM_1971.jpg;;https://theposterdb.com/search?term=WR%3A%20Mysteries%20of%20the%20Organism%201971
WALKABOUT_1971;Walkabout;1971;Nicolas Roeg;OK;tmdb;36040;La Randonnée;WALKABOUT_1971.jpg;;https://theposterdb.com/search?term=Walkabout%201971
LE_GRAND_DUEL_1972;Le Grand Duel;1972;Giancarlo Santi;OK;tmdb;61594;Le Grand Duel;LE_GRAND_DUEL_1972.jpg;;https://theposterdb.com/search?term=Le%20Grand%20Duel%201972
MILANO_CALIBRO_9_1972;Milano calibro 9;1972;Fernando Di Leo;OK;tmdb;40022;Milan Calibre 9;MILANO_CALIBRO_9_1972.jpg;;https://theposterdb.com/search?term=Milano%20calibro%209%201972
PINK_FLAMINGOS_1972;Pink Flamingos;1972;John Waters;OK;tmdb;692;Pink Flamingos;PINK_FLAMINGOS_1972.jpg;;https://theposterdb.com/search?term=Pink%20Flamingos%201972
SUPER_FLY_1972;Super Fly;1972;Gordon Parks Jr.;OK;tmdb;21968;Super Fly;SUPER_FLY_1972.jpg;;https://theposterdb.com/search?term=Super%20Fly%201972
COFFY_1973;Coffy;1973;Jack Hill;OK;tmdb;22021;Coffy, la panthère noire de Harlem;COFFY_1973.jpg;;https://theposterdb.com/search?term=Coffy%201973
HIGH_CRIME_1973;High Crime;1973;Enzo G. Castellari;OK;tmdb;87362;Le Témoin à abattre;HIGH_CRIME_1973.jpg;;https://theposterdb.com/search?term=High%20Crime%201973
LINE_DESCRIBING_A_CONE_1973;Line Describing a Cone;1973;Anthony McCall;OK;tmdb;309164;Line Describing a Cone;LINE_DESCRIBING_A_CONE_1973.jpg;;https://theposterdb.com/search?term=Line%20Describing%20a%20Cone%201973
ALMOST_HUMAN_1974;Almost Human;1974;Umberto Lenzi;OK;tmdb;50236;La Rançon de la Peur;ALMOST_HUMAN_1974.jpg;;https://theposterdb.com/search?term=Almost%20Human%201974
DE_CIERTA_MANERA_1974;De cierta manera;1974;Sara Gómez;OK;tmdb;162505;De cierta manera;DE_CIERTA_MANERA_1974.jpg;;https://theposterdb.com/search?term=De%20cierta%20manera%201974
FEMALE_TROUBLE_1974;Female Trouble;1974;John Waters;OK;tmdb;14267;Female Trouble;FEMALE_TROUBLE_1974.jpg;;https://theposterdb.com/search?term=Female%20Trouble%201974
LE_PRINCIPAL_ENNEMI_1974;Le Principal Ennemi;1974;Jorge Sanjinés;NOT_FOUND;tpdb_manual;;;;aucun match TMDB assez sûr;https://theposterdb.com/search?term=Le%20Principal%20Ennemi%201974
THE_ENIGMA_OF_KASPAR_HAUSER_1974;The Enigma of Kaspar Hauser;1974;Werner Herzog;OK;tmdb;11710;L'Énigme de Kaspar Hauser;THE_ENIGMA_OF_KASPAR_HAUSER_1974.jpg;;https://theposterdb.com/search?term=The%20Enigma%20of%20Kaspar%20Hauser%201974
THE_STREET_FIGHTER_1974;The Street Fighter;1974;Shigehiro Ozawa;OK;tmdb;40810;The Street Fighter;THE_STREET_FIGHTER_1974.jpg;;https://theposterdb.com/search?term=The%20Street%20Fighter%201974
CHRONIQUE_DES_ANNEES_DE_BRAISE_1975_LAKHDAR_HAMINA;Chronique des années de braise;1975;Mohammed Lakhdar-Hamina;OK;tmdb;52555;Chronique des années de braise;CHRONIQUE_DES_ANNEES_DE_BRAISE_1975_LAKHDAR_HAMINA.jpg;;https://theposterdb.com/search?term=Chronique%20des%20ann%C3%A9es%20de%20braise%201975
FANTOZZI_1975;Fantozzi;1975;Luciano Salce;OK;tmdb;25606;Fantozzi;FANTOZZI_1975.jpg;;https://theposterdb.com/search?term=Fantozzi%201975
FURTIVOS_1975;Furtivos;1975;José Luis Borau;OK;tmdb;142965;Furtivos;FURTIVOS_1975.jpg;;https://theposterdb.com/search?term=Furtivos%201975
GREY_GARDENS_1975;Grey Gardens;1975;Albert Maysles;OK;tmdb;17346;Grey Gardens;GREY_GARDENS_1975.jpg;;https://theposterdb.com/search?term=Grey%20Gardens%201975
LA_BATAILLE_DU_CHILI_1975;La Bataille du Chili;1975;Patricio Guzmán;OK;tmdb;132144;La bataille du Chili, Partie 1 : L'insurrection de la bourgeoisie;LA_BATAILLE_DU_CHILI_1975.jpg;;https://theposterdb.com/search?term=La%20Bataille%20du%20Chili%201975
SWITCHBLADE_SISTERS_1975;Switchblade Sisters;1975;Jack Hill;OK;tmdb;52633;Les loubardes;SWITCHBLADE_SISTERS_1975.jpg;;https://theposterdb.com/search?term=Switchblade%20Sisters%201975
THE_BATTLE_OF_CHILE_1975;The Battle of Chile;1975;Patricio Guzmán;OK;tmdb;132144;La bataille du Chili, Partie 1 : L'insurrection de la bourgeoisie;THE_BATTLE_OF_CHILE_1975.jpg;;https://theposterdb.com/search?term=The%20Battle%20of%20Chile%201975
EL_DESENCANTO_1976;El desencanto;1976;Jaime Chávarri;OK;tmdb;4496;El desencanto;EL_DESENCANTO_1976.jpg;;https://theposterdb.com/search?term=El%20desencanto%201976
HARVEST_3_000_YEARS_1976;Harvest: 3,000 Years;1976;Haile Gerima;OK;tmdb;149155;Harvest: 3,000 Years;HARVEST_3_000_YEARS_1976.jpg;;https://theposterdb.com/search?term=Harvest%3A%203%2C000%20Years%201976
LA_ULTIMA_CENA_1976;La última cena;1976;Tomás Gutiérrez Alea;OK;tmdb;47113;La última cena;LA_ULTIMA_CENA_1976.jpg;;https://theposterdb.com/search?term=La%20%C3%BAltima%20cena%201976
OMAR_GATLATO_1976;Omar Gatlato;1976;Merzak Allouache;OK;tmdb;172319;Omar Gatlato;OMAR_GATLATO_1976.jpg;;https://theposterdb.com/search?term=Omar%20Gatlato%201976
STROSZEK_1977;Stroszek;1977;Werner Herzog;OK;tmdb;11698;La Ballade de Bruno;STROSZEK_1977.jpg;;https://theposterdb.com/search?term=Stroszek%201977
THE_HILLS_HAVE_EYES_1977;The Hills Have Eyes;1977;Wes Craven;OK;tmdb;12262;La colline a des yeux;THE_HILLS_HAVE_EYES_1977.jpg;;https://theposterdb.com/search?term=The%20Hills%20Have%20Eyes%201977
JUBILEE_1978;Jubilee;1978;Derek Jarman;OK;tmdb;41426;Jubilee;JUBILEE_1978.jpg;;https://theposterdb.com/search?term=Jubilee%201978
NEWSFRONT_1978;Newsfront;1978;Phillip Noyce;OK;tmdb;88285;Newsfront;NEWSFRONT_1978.jpg;;https://theposterdb.com/search?term=Newsfront%201978
THE_CHANT_OF_JIMMIE_BLACKSMITH_1978;The Chant of Jimmie Blacksmith;1978;Fred Schepisi;OK;tmdb;69069;La Complainte de Jimmie Blacksmith;THE_CHANT_OF_JIMMIE_BLACKSMITH_1978.jpg;;https://theposterdb.com/search?term=The%20Chant%20of%20Jimmie%20Blacksmith%201978
MY_BRILLIANT_CAREER_1979;My Brilliant Career;1979;Gillian Armstrong;OK;tmdb;16659;Ma brillante carrière;MY_BRILLIANT_CAREER_1979.jpg;;https://theposterdb.com/search?term=My%20Brilliant%20Career%201979
THE_DRILLER_KILLER_1979;The Driller Killer;1979;Abel Ferrara;OK;tmdb;13553;Driller Killer;THE_DRILLER_KILLER_1979.jpg;;https://theposterdb.com/search?term=The%20Driller%20Killer%201979
VENGEANCE_IS_MINE_1979;Vengeance Is Mine;1979;Shōhei Imamura;OK;tmdb;42170;La Vengeance est à moi;VENGEANCE_IS_MINE_1979.jpg;;https://theposterdb.com/search?term=Vengeance%20Is%20Mine%201979
WEST_INDIES_1979;West Indies;1979;Med Hondo;OK;tmdb;271858;West Indies: The Fugitive Slaves of Liberty;WEST_INDIES_1979.jpg;;https://theposterdb.com/search?term=West%20Indies%201979
ATLANTIC_CITY_1980;Atlantic City;1980;Louis Malle;OK;tmdb;23954;Atlantic City;ATLANTIC_CITY_1980.jpg;;https://theposterdb.com/search?term=Atlantic%20City%201980
BREAKER_MORANT_1980;Breaker Morant;1980;Bruce Beresford;OK;tmdb;13783;Héros ou Salopards;BREAKER_MORANT_1980.jpg;;https://theposterdb.com/search?term=Breaker%20Morant%201980
CANNIBAL_HOLOCAUST_1980;Cannibal Holocaust;1980;Ruggero Deodato;OK;tmdb;8689;L'enfer des cannibales;CANNIBAL_HOLOCAUST_1980.jpg;;https://theposterdb.com/search?term=Cannibal%20Holocaust%201980
FORBIDDEN_ZONE_1980;Forbidden Zone;1980;Richard Elfman;OK;tmdb;16127;Forbidden Zone;FORBIDDEN_ZONE_1980.jpg;;https://theposterdb.com/search?term=Forbidden%20Zone%201980
LA_TERRAZZA_1980;La terrazza;1980;Ettore Scola;OK;tmdb;77334;La Terrasse;LA_TERRAZZA_1980.jpg;;https://theposterdb.com/search?term=La%20terrazza%201980
MON_ONCLE_D_AMERIQUE_1980;Mon oncle d'Amérique;1980;Alain Resnais;OK;tmdb;39543;Mon oncle d'Amérique;MON_ONCLE_D_AMERIQUE_1980.jpg;;https://theposterdb.com/search?term=Mon%20oncle%20d%27Am%C3%A9rique%201980
DIVA_1981;Diva;1981;Jean-Jacques Beineix;OK;tmdb;4485;Diva (Beineix);DIVA_1981.jpg;;https://theposterdb.com/search?term=Diva%201981
ELIPPATHAYAM_1981;Elippathayam;1981;Adoor Gopalakrishnan;OK;tmdb;88093;Le Piège à rats;ELIPPATHAYAM_1981.jpg;;https://theposterdb.com/search?term=Elippathayam%201981
MS_45_1981;Ms. 45;1981;Abel Ferrara;OK;tmdb;22171;L'Ange de la vengeance;MS_45_1981.jpg;;https://theposterdb.com/search?term=Ms.%2045%201981
THE_BEYOND_1981;The Beyond;1981;Lucio Fulci;OK;tmdb;19204;L'Au-delà;THE_BEYOND_1981.jpg;;https://theposterdb.com/search?term=The%20Beyond%201981
THE_DECLINE_OF_WESTERN_CIVILIZATION_1981;The Decline of Western Civilization;1981;Penelope Spheeris;OK;tmdb;21137;The Decline of Western Civilization;THE_DECLINE_OF_WESTERN_CIVILIZATION_1981.jpg;;https://theposterdb.com/search?term=The%20Decline%20of%20Western%20Civilization%201981
A_QUESTION_OF_SILENCE_1982;A Question of Silence;1982;Marleen Gorris;OK;tmdb;96529;Le Silence autour de Christine M.;A_QUESTION_OF_SILENCE_1982.jpg;;https://theposterdb.com/search?term=A%20Question%20of%20Silence%201982
BATCH_81_1982;Batch '81;1982;Mike de Leon;OK;tmdb;56126;Batch '81;BATCH_81_1982.jpg;;https://theposterdb.com/search?term=Batch%20%2781%201982
BOAT_PEOPLE_1982;Boat People;1982;Ann Hui;NO_POSTER;tmdb;713501;Boat People;;fiche OK, pas d'affiche;https://theposterdb.com/search?term=Boat%20People%201982
FINYE_1982;Finye;1982;Souleymane Cissé;OK;tmdb;136052;Le Vent;FINYE_1982.jpg;;https://theposterdb.com/search?term=Finye%201982
HIMALA_1982;Himala;1982;Ishmael Bernal;OK;tmdb;197976;Himala;HIMALA_1982.jpg;;https://theposterdb.com/search?term=Himala%201982
LIQUID_SKY_1982;Liquid Sky;1982;Slava Tsukerman;OK;tmdb;20980;Liquid Sky;LIQUID_SKY_1982.jpg;;https://theposterdb.com/search?term=Liquid%20Sky%201982
SMITHEREENS_1982;Smithereens;1982;Susan Seidelman;OK;tmdb;94066;La Dérive;SMITHEREENS_1982.jpg;;https://theposterdb.com/search?term=Smithereens%201982
VERONIKA_VOSS_1982;Veronika Voss;1982;Rainer Werner Fassbinder;OK;tmdb;2262;Le Secret de Veronika Voss;VERONIKA_VOSS_1982.jpg;;https://theposterdb.com/search?term=Veronika%20Voss%201982
BORN_IN_FLAMES_1983;Born in Flames;1983;Lizzie Borden;OK;tmdb;36832;Born in Flames;BORN_IN_FLAMES_1983.jpg;;https://theposterdb.com/search?term=Born%20in%20Flames%201983
EL_SUR_1983;El Sur;1983;Víctor Erice;OK;tmdb;48139;Le Sud;EL_SUR_1983.jpg;;https://theposterdb.com/search?term=El%20Sur%201983
THE_BALLAD_OF_NARAYAMA_1983;The Ballad of Narayama;1983;Shōhei Imamura;OK;tmdb;42113;La Ballade de Narayama;THE_BALLAD_OF_NARAYAMA_1983.jpg;;https://theposterdb.com/search?term=The%20Ballad%20of%20Narayama%201983
WHEN_THE_MOUNTAINS_TREMBLE_1983;When the Mountains Tremble;1983;Pamela Yates;OK;tmdb;259882;When the Mountains Tremble;WHEN_THE_MOUNTAINS_TREMBLE_1983.jpg;;https://theposterdb.com/search?term=When%20the%20Mountains%20Tremble%201983
REPENTANCE_1984;Repentance;1984;Tengiz Abuladze;NOT_FOUND;tpdb_manual;;;;aucun match TMDB assez sûr;https://theposterdb.com/search?term=Repentance%201984
REPENTIR_1984;Repentir;1984;Tengiz Abuladze;NOT_FOUND;tpdb_manual;;;;aucun match TMDB assez sûr;https://theposterdb.com/search?term=Repentir%201984
REPO_MAN_1984;Repo Man;1984;Alex Cox;OK;tmdb;13820;La mort en prime;REPO_MAN_1984.jpg;;https://theposterdb.com/search?term=Repo%20Man%201984
THE_TOXIC_AVENGER_1984;The Toxic Avenger;1984;Michael Herz;OK;tmdb;15239;The Toxic Avenger;THE_TOXIC_AVENGER_1984.jpg;;https://theposterdb.com/search?term=The%20Toxic%20Avenger%201984
UN_DIMANCHE_A_LA_CAMPAGNE_1984;Un dimanche à la campagne;1984;Bertrand Tavernier;OK;tmdb;42102;Un dimanche à la campagne;UN_DIMANCHE_A_LA_CAMPAGNE_1984.jpg;;https://theposterdb.com/search?term=Un%20dimanche%20%C3%A0%20la%20campagne%201984
YELLOW_EARTH_1984;Yellow Earth;1984;Chen Kaige;OK;tmdb;92990;Terre Jaune;YELLOW_EARTH_1984.jpg;;https://theposterdb.com/search?term=Yellow%20Earth%201984
SUBWAY_1985;Subway;1985;Luc Besson;OK;tmdb;10656;Subway;SUBWAY_1985.jpg;;https://theposterdb.com/search?term=Subway%201985
TAIPEI_STORY_1985;Taipei Story;1985;Edward Yang;OK;tmdb;106380;Taipei Story;TAIPEI_STORY_1985.jpg;;https://theposterdb.com/search?term=Taipei%20Story%201985
THE_LEGEND_OF_SURAM_FORTRESS_1985;The Legend of Suram Fortress;1985;Sergei Parajanov;OK;tmdb;103590;La Légende de la forteresse de Souram;THE_LEGEND_OF_SURAM_FORTRESS_1985.jpg;;https://theposterdb.com/search?term=The%20Legend%20of%20Suram%20Fortress%201985
37_2_LE_MATIN_1986;37°2 le matin;1986;Jean-Jacques Beineix;OK;tmdb;11986;37°2 Le Matin;37_2_LE_MATIN_1986.jpg;;https://theposterdb.com/search?term=37%C2%B02%20le%20matin%201986
A_BETTER_TOMORROW_1986;A Better Tomorrow;1986;John Woo;OK;tmdb;11471;Le Syndicat du crime;A_BETTER_TOMORROW_1986.jpg;;https://theposterdb.com/search?term=A%20Better%20Tomorrow%201986
MAUVAIS_SANG_1986;Mauvais Sang;1986;Leos Carax;OK;tmdb;64131;Mauvais Sang;MAUVAIS_SANG_1986.jpg;;https://theposterdb.com/search?term=Mauvais%20Sang%201986
SARRAOUNIA_1986;Sarraounia;1986;Med Hondo;OK;tmdb;162532;Sarraounia;SARRAOUNIA_1986.jpg;;https://theposterdb.com/search?term=Sarraounia%201986
SID_AND_NANCY_1986;Sid and Nancy;1986;Alex Cox;OK;tmdb;14924;Sid et Nancy;SID_AND_NANCY_1986.jpg;;https://theposterdb.com/search?term=Sid%20and%20Nancy%201986
THE_TERRORIZERS_1986;The Terrorizers;1986;Edward Yang;OK;tmdb;78450;The Terrorizers;THE_TERRORIZERS_1986.jpg;;https://theposterdb.com/search?term=The%20Terrorizers%201986
AU_REVOIR_LES_ENFANTS_1987;Au revoir les enfants;1987;Louis Malle;OK;tmdb;1786;Au revoir les enfants;AU_REVOIR_LES_ENFANTS_1987.jpg;;https://theposterdb.com/search?term=Au%20revoir%20les%20enfants%201987
NOCE_EN_GALILEE_1987;Noce en Galilée;1987;Michel Khleifi;OK;tmdb;49168;Noces en Galilée;NOCE_EN_GALILEE_1987.jpg;;https://theposterdb.com/search?term=Noce%20en%20Galil%C3%A9e%201987
ROUGE_1987;Rouge;1987;Stanley Kwan;OK;tmdb;64440;Rouge;ROUGE_1987.jpg;;https://theposterdb.com/search?term=Rouge%201987
ASHIK_KERIB_1988;Ashik Kerib;1988;Sergei Parajanov;OK;tmdb;92663;Achik Kérib, conte d'un poète amoureux;ASHIK_KERIB_1988.jpg;;https://theposterdb.com/search?term=Ashik%20Kerib%201988
CAMP_DE_THIAROYE_1988;Camp de Thiaroye;1988;Ousmane Sembène;OK;tmdb;103203;Camp de Thiaroye;CAMP_DE_THIAROYE_1988.jpg;;https://theposterdb.com/search?term=Camp%20de%20Thiaroye%201988
HISTOIRE_S_DU_CINEMA_1988;Histoire(s) du cinéma;1988;Jean-Luc Godard;OK;tmdb;116397;Histoire(s) du cinéma;HISTOIRE_S_DU_CINEMA_1988.jpg;;https://theposterdb.com/search?term=Histoire%28s%29%20du%20cin%C3%A9ma%201988
RED_SORGHUM_1988;Red Sorghum;1988;Zhang Yimou;OK;tmdb;42006;Le Sorgho rouge;RED_SORGHUM_1988.jpg;;https://theposterdb.com/search?term=Red%20Sorghum%201988
JESUS_OF_MONTREAL_1989;Jesus of Montreal;1989;Denys Arcand;OK;tmdb;4486;Jesus of Montreal;JESUS_OF_MONTREAL_1989.jpg;;https://theposterdb.com/search?term=Jesus%20of%20Montreal%201989
SANTA_SANGRE_1989;Santa Sangre;1989;Alejandro Jodorowsky;OK;tmdb;19236;Santa Sangre;SANTA_SANGRE_1989.jpg;;https://theposterdb.com/search?term=Santa%20Sangre%201989
HALFAOUINE_1990;Halfaouine;1990;Férid Boughedir;OK;tmdb;44281;Halfaouine, l'enfant des terrasses;HALFAOUINE_1990.jpg;;https://theposterdb.com/search?term=Halfaouine%201990
SONG_OF_THE_EXILE_1990;Song of the Exile;1990;Ann Hui;OK;tmdb;41822;Le Chant de l'exil;SONG_OF_THE_EXILE_1990.jpg;;https://theposterdb.com/search?term=Song%20of%20the%20Exile%201990
TILAI_1990;Tilaï;1990;Idrissa Ouédraogo;OK;tmdb;65482;Tilai;TILAI_1990.jpg;;https://theposterdb.com/search?term=Tila%C3%AF%201990
EDWARD_II_1991;Edward II;1991;Derek Jarman;OK;tmdb;43654;Edward II;EDWARD_II_1991.jpg;;https://theposterdb.com/search?term=Edward%20II%201991
LA_BELLE_NOISEUSE_1991;La Belle Noiseuse;1991;Jacques Rivette;OK;tmdb;12627;La Belle Noiseuse;LA_BELLE_NOISEUSE_1991.jpg;;https://theposterdb.com/search?term=La%20Belle%20Noiseuse%201991
BAD_LIEUTENANT_1992;Bad Lieutenant;1992;Abel Ferrara;OK;tmdb;12143;Bad Lieutenant;BAD_LIEUTENANT_1992.jpg;;https://theposterdb.com/search?term=Bad%20Lieutenant%201992
BRAINDEAD_1992;Braindead;1992;Peter Jackson;OK;tmdb;763;Braindead;BRAINDEAD_1992.jpg;;https://theposterdb.com/search?term=Braindead%201992
CONTE_D_HIVER_1992;Conte d'hiver;1992;Éric Rohmer;OK;tmdb;10241;Contes des quatre saisons: Conte d'hiver;CONTE_D_HIVER_1992.jpg;;https://theposterdb.com/search?term=Conte%20d%27hiver%201992
GUELWAAR_1992;Guelwaar;1992;Ousmane Sembène;OK;tmdb;124083;Guelwaar;GUELWAAR_1992.jpg;;https://theposterdb.com/search?term=Guelwaar%201992
HARD_BOILED_1992;Hard Boiled;1992;John Woo;OK;tmdb;11782;À toute épreuve;HARD_BOILED_1992.jpg;;https://theposterdb.com/search?term=Hard%20Boiled%201992
LIVING_IN_BONDAGE_1992;Living in Bondage;1992;Chris Obi Rapu;OK;tmdb;365021;Living in Bondage;LIVING_IN_BONDAGE_1992.jpg;;https://theposterdb.com/search?term=Living%20in%20Bondage%201992
LEOLO_1992;Léolo;1992;Jean-Claude Lauzon;OK;tmdb;11139;Léolo;LEOLO_1992.jpg;;https://theposterdb.com/search?term=L%C3%A9olo%201992
QUARTIER_MOZART_1992;Quartier Mozart;1992;Jean-Pierre Bekolo;OK;tmdb;196940;Quartier Mozart;QUARTIER_MOZART_1992.jpg;;https://theposterdb.com/search?term=Quartier%20Mozart%201992
RABI_1992;Rabi;1992;Gaston Kaboré;OK;tmdb;253630;Rabi;RABI_1992.jpg;;https://theposterdb.com/search?term=Rabi%201992
REBELS_OF_THE_NEON_GOD_1992;Rebels of the Neon God;1992;Tsai Ming-liang;NOT_FOUND;tpdb_manual;;;;aucun match TMDB assez sûr;https://theposterdb.com/search?term=Rebels%20of%20the%20Neon%20God%201992
SARAFINA_1992;Sarafina!;1992;Darrell Roodt;OK;tmdb;35936;Sarafina!;SARAFINA_1992.jpg;;https://theposterdb.com/search?term=Sarafina%21%201992
FAREWELL_MY_CONCUBINE_1993;Farewell My Concubine;1993;Chen Kaige;OK;tmdb;10997;Adieu ma concubine;FAREWELL_MY_CONCUBINE_1993.jpg;;https://theposterdb.com/search?term=Farewell%20My%20Concubine%201993
FRESA_Y_CHOCOLATE_1993;Fresa y chocolate;1993;Tomás Gutiérrez Alea;OK;tmdb;12527;Fraise et Chocolat;FRESA_Y_CHOCOLATE_1993.jpg;;https://theposterdb.com/search?term=Fresa%20y%20chocolate%201993
L_ODEUR_DE_LA_PAPAYE_VERTE_1993;L'Odeur de la papaye verte;1993;Tran Anh Hung;OK;tmdb;19552;L'Odeur de la papaye verte;L_ODEUR_DE_LA_PAPAYE_VERTE_1993.jpg;;https://theposterdb.com/search?term=L%27Odeur%20de%20la%20papaye%20verte%201993
THE_BLUE_KITE_1993;The Blue Kite;1993;Tian Zhuangzhuang;NOT_FOUND;tpdb_manual;;;;aucun match TMDB assez sûr;https://theposterdb.com/search?term=The%20Blue%20Kite%201993
A_CONFUCIAN_CONFUSION_1994;A Confucian Confusion;1994;Edward Yang;OK;tmdb;54233;Confusion chez Confucius;A_CONFUCIAN_CONFUSION_1994.jpg;;https://theposterdb.com/search?term=A%20Confucian%20Confusion%201994
ASHES_OF_TIME_1994;Ashes of Time;1994;Wong Kar-wai;OK;tmdb;40751;Les Cendres du temps;ASHES_OF_TIME_1994.jpg;;https://theposterdb.com/search?term=Ashes%20of%20Time%201994
CRUMB_1994;Crumb;1994;Terry Zwigoff;NOT_FOUND;tpdb_manual;;;;aucun match TMDB assez sûr;https://theposterdb.com/search?term=Crumb%201994
EXOTICA_1994;Exotica;1994;Atom Egoyan;OK;tmdb;20156;Exotica;EXOTICA_1994.jpg;;https://theposterdb.com/search?term=Exotica%201994
HEAVENLY_CREATURES_1994;Heavenly Creatures;1994;Peter Jackson;OK;tmdb;1024;Créatures célestes;HEAVENLY_CREATURES_1994.jpg;;https://theposterdb.com/search?term=Heavenly%20Creatures%201994
IN_THE_HEAT_OF_THE_SUN_1994;In the Heat of the Sun;1994;Jiang Wen;OK;tmdb;161285;Sous la chaleur du soleil;IN_THE_HEAT_OF_THE_SUN_1994.jpg;;https://theposterdb.com/search?term=In%20the%20Heat%20of%20the%20Sun%201994
LES_GENS_DE_LA_RIZIERE_1994;Les Gens de la rizière;1994;Rithy Panh;OK;tmdb;146240;Les gens de la rizière;LES_GENS_DE_LA_RIZIERE_1994.jpg;;https://theposterdb.com/search?term=Les%20Gens%20de%20la%20rizi%C3%A8re%201994
LES_SILENCES_DU_PALAIS_1994;Les Silences du palais;1994;Moufida Tlatli;OK;tmdb;44284;Les Silences du palais;LES_SILENCES_DU_PALAIS_1994.jpg;;https://theposterdb.com/search?term=Les%20Silences%20du%20palais%201994
ONCE_WERE_WARRIORS_1994;Once Were Warriors;1994;Lee Tamahori;OK;tmdb;527;L'Âme des guerriers;ONCE_WERE_WARRIORS_1994.jpg;;https://theposterdb.com/search?term=Once%20Were%20Warriors%201994
VIVE_L_AMOUR_1994;Vive l'amour;1994;Tsai Ming-liang;OK;tmdb;11985;Vive l'amour;VIVE_L_AMOUR_1994.jpg;;https://theposterdb.com/search?term=Vive%20l%27amour%201994
CYCLO_1995;Cyclo;1995;Tran Anh Hung;OK;tmdb;36266;Cyclo;CYCLO_1995.jpg;;https://theposterdb.com/search?term=Cyclo%201995
FALLEN_ANGELS_1995;Fallen Angels;1995;Wong Kar-wai;OK;tmdb;11220;Les Anges déchus;FALLEN_ANGELS_1995.jpg;;https://theposterdb.com/search?term=Fallen%20Angels%201995
GUIMBA_1995;Guimba;1995;Cheick Oumar Sissoko;OK;tmdb;124618;Guimba;GUIMBA_1995.jpg;;https://theposterdb.com/search?term=Guimba%201995
LA_CEREMONIE_1995;La Cérémonie;1995;Claude Chabrol;OK;tmdb;1802;La Cérémonie;LA_CEREMONIE_1995.jpg;;https://theposterdb.com/search?term=La%20C%C3%A9r%C3%A9monie%201995
LA_HAINE_1995;La Haine;1995;Mathieu Kassovitz;OK;tmdb;406;Droits du cité;LA_HAINE_1995.jpg;;https://theposterdb.com/search?term=La%20Haine%201995
MEE_POK_MAN_1995;Mee Pok Man;1995;Eric Khoo;OK;tmdb;135283;Mee Pok Man;MEE_POK_MAN_1995.jpg;;https://theposterdb.com/search?term=Mee%20Pok%20Man%201995
THE_DOOM_GENERATION_1995;The Doom Generation;1995;Gregg Araki;OK;tmdb;13552;Doom Generation;THE_DOOM_GENERATION_1995.jpg;;https://theposterdb.com/search?term=The%20Doom%20Generation%201995
ARISTOTLE_S_PLOT_1996;Aristotle's Plot;1996;Jean-Pierre Bekolo;OK;tmdb;271450;Aristotle's Plot;ARISTOTLE_S_PLOT_1996.jpg;;https://theposterdb.com/search?term=Aristotle%27s%20Plot%201996
GABBEH_1996;Gabbeh;1996;Mohsen Makhmalbaf;OK;tmdb;43771;Gabbeh;GABBEH_1996.jpg;;https://theposterdb.com/search?term=Gabbeh%201996
12_STOREYS_1997;12 Storeys;1997;Eric Khoo;OK;tmdb;135198;12 Storeys;12_STOREYS_1997.jpg;;https://theposterdb.com/search?term=12%20Storeys%201997
BUUD_YAM_1997;Buud Yam;1997;Gaston Kaboré;OK;tmdb;178606;Buud Yam;BUUD_YAM_1997.jpg;;https://theposterdb.com/search?term=Buud%20Yam%201997
FOOLS_1997;Fools;1997;Ramadan Suleman;OK;tmdb;163794;Fools;FOOLS_1997.jpg;;https://theposterdb.com/search?term=Fools%201997
MADE_IN_HONG_KONG_1997;Made in Hong Kong;1997;Fruit Chan;OK;tmdb;643047;Made in Hong Kong;MADE_IN_HONG_KONG_1997.jpg;;https://theposterdb.com/search?term=Made%20in%20Hong%20Kong%201997
OSSOS_1997;Ossos;1997;Pedro Costa;OK;tmdb;55700;Ossos;OSSOS_1997.jpg;;https://theposterdb.com/search?term=Ossos%201997
XIAO_WU_1997;Xiao Wu;1997;Jia Zhangke;OK;tmdb;52103;Xiao Wu, artisan pickpocket;XIAO_WU_1997.jpg;;https://theposterdb.com/search?term=Xiao%20Wu%201997
ETERNITY_AND_A_DAY_1998;Eternity and a Day;1998;Theo Angelopoulos;OK;tmdb;24858;L'Éternité et Un Jour;ETERNITY_AND_A_DAY_1998.jpg;;https://theposterdb.com/search?term=Eternity%20and%20a%20Day%201998
KHRUSTALYOV_MA_VOITURE_1998;Khrustalyov, ma voiture !;1998;Aleksei German;OK;tmdb;100784;Khroustaliov, ma voiture !;KHRUSTALYOV_MA_VOITURE_1998.jpg;;https://theposterdb.com/search?term=Khrustalyov%2C%20ma%20voiture%20%21%201998
LA_VIE_SUR_TERRE_1998;La Vie sur terre;1998;Abderrahmane Sissako;OK;tmdb;37855;La Vie sur terre;LA_VIE_SUR_TERRE_1998.jpg;;https://theposterdb.com/search?term=La%20Vie%20sur%20terre%201998
SHOW_ME_LOVE_1998;Show Me Love;1998;Lukas Moodysson;OK;tmdb;11634;Qui aimes-tu?;SHOW_ME_LOVE_1998.jpg;;https://theposterdb.com/search?term=Show%20Me%20Love%201998
THE_HOLE_1998;The Hole;1998;Tsai Ming-liang;OK;tmdb;47060;Le trou;THE_HOLE_1998.jpg;;https://theposterdb.com/search?term=The%20Hole%201998
THE_IDIOTS_1998;The Idiots;1998;Lars von Trier;OK;tmdb;452;Les Idiots;THE_IDIOTS_1998.jpg;;https://theposterdb.com/search?term=The%20Idiots%201998
WEST_BEYROUTH_1998;West Beyrouth;1998;Ziad Doueiri;OK;tmdb;49184;À l'abri les enfants;WEST_BEYROUTH_1998.jpg;;https://theposterdb.com/search?term=West%20Beyrouth%201998
MIFUNE_1999;Mifune;1999;Søren Kragh-Jacobsen;OK;tmdb;139;Mifune;MIFUNE_1999.jpg;;https://theposterdb.com/search?term=Mifune%201999
PEPPERMINT_CANDY_1999;Peppermint Candy;1999;Lee Chang-dong;OK;tmdb;41245;Peppermint Candy;PEPPERMINT_CANDY_1999.jpg;;https://theposterdb.com/search?term=Peppermint%20Candy%201999
THE_BLAIR_WITCH_PROJECT_1999;The Blair Witch Project;1999;Daniel Myrick;OK;tmdb;2667;Le Projet Blair Witch;THE_BLAIR_WITCH_PROJECT_1999.jpg;;https://theposterdb.com/search?term=The%20Blair%20Witch%20Project%201999
THE_LITTLE_GIRL_WHO_SOLD_THE_SUN_1999;The Little Girl Who Sold the Sun;1999;Djibril Diop Mambéty;OK;tmdb;108850;La petite vendeuse de soleil;THE_LITTLE_GIRL_WHO_SOLD_THE_SUN_1999.jpg;;https://theposterdb.com/search?term=The%20Little%20Girl%20Who%20Sold%20the%20Sun%201999
VANAPRASTHAM_1999;Vanaprastham;1999;Shaji N. Karun;OK;tmdb;207649;Vanaprastham - La dernière danse;VANAPRASTHAM_1999.jpg;;https://theposterdb.com/search?term=Vanaprastham%201999
ITALIAN_FOR_BEGINNERS_2000;Italian for Beginners;2000;Lone Scherfig;OK;tmdb;112;Italien pour débutants;ITALIAN_FOR_BEGINNERS_2000.jpg;;https://theposterdb.com/search?term=Italian%20for%20Beginners%202000
JOINT_SECURITY_AREA_2000;Joint Security Area;2000;Park Chan-wook;OK;tmdb;2440;JSA (Joint Security Area);JOINT_SECURITY_AREA_2000.jpg;;https://theposterdb.com/search?term=Joint%20Security%20Area%202000
LA_VERTICALE_DE_L_ETE_2000;La Verticale de l'été;2000;Tran Anh Hung;OK;tmdb;34899;À la verticale de l'été;LA_VERTICALE_DE_L_ETE_2000.jpg;;https://theposterdb.com/search?term=La%20Verticale%20de%20l%27%C3%A9t%C3%A9%202000
LUMUMBA_2000;Lumumba;2000;Raoul Peck;OK;tmdb;55551;Lumumba;LUMUMBA_2000.jpg;;https://theposterdb.com/search?term=Lumumba%202000
MYSTERIOUS_OBJECT_AT_NOON_2000;Mysterious Object at Noon;2000;Apichatpong Weerasethakul;OK;tmdb;93553;Mysterious Object at Noon;MYSTERIOUS_OBJECT_AT_NOON_2000.jpg;;https://theposterdb.com/search?term=Mysterious%20Object%20at%20Noon%202000
NUEVE_REINAS_2000;Nueve reinas;2000;Fabián Bielinsky;OK;tmdb;18079;Les Neuf Reines;NUEVE_REINAS_2000.jpg;;https://theposterdb.com/search?term=Nueve%20reinas%202000
TEARS_OF_THE_BLACK_TIGER_2000;Tears of the Black Tiger;2000;Wisit Sasanatieng;OK;tmdb;2805;Les Larmes du tigre noir;TEARS_OF_THE_BLACK_TIGER_2000.jpg;;https://theposterdb.com/search?term=Tears%20of%20the%20Black%20Tiger%202000
TOGETHER_2000;Together;2000;Lukas Moodysson;OK;tmdb;742;Together;TOGETHER_2000.jpg;;https://theposterdb.com/search?term=Together%202000
ATANARJUAT_LA_LEGENDE_DE_L_HOMME_RAPIDE_2001;Atanarjuat, la légende de l'homme rapide;2001;Zacharias Kunuk;OK;tmdb;13245;Atanarjuat, la légende de l'homme rapide;ATANARJUAT_LA_LEGENDE_DE_L_HOMME_RAPIDE_2001.jpg;;https://theposterdb.com/search?term=Atanarjuat%2C%20la%20l%C3%A9gende%20de%20l%27homme%20rapide%202001
DONNIE_DARKO_2001;Donnie Darko;2001;Richard Kelly;OK;tmdb;141;Donnie Darko;DONNIE_DARKO_2001.jpg;;https://theposterdb.com/search?term=Donnie%20Darko%202001
FAAT_KINE_2001;Faat Kiné;2001;Ousmane Sembène;OK;tmdb;125700;Faat Kiné;FAAT_KINE_2001.jpg;;https://theposterdb.com/search?term=Faat%20Kin%C3%A9%202001
INCH_ALLAH_DIMANCHE_2001;Inch'Allah dimanche;2001;Yamina Benguigui;OK;tmdb;124731;Inch'Allah dimanche;INCH_ALLAH_DIMANCHE_2001.jpg;;https://theposterdb.com/search?term=Inch%27Allah%20dimanche%202001
LE_SEIGNEUR_DES_ANNEAUX_LA_COMMUNAUTE_DE_L_ANNEAU_2001;Le Seigneur des anneaux : La Communauté de l'anneau;2001;Peter Jackson;OK;tmdb;120;Le Seigneur des anneaux : La Communauté de l'anneau;LE_SEIGNEUR_DES_ANNEAUX_LA_COMMUNAUTE_DE_L_ANNEAU_2001.jpg;;https://theposterdb.com/search?term=Le%20Seigneur%20des%20anneaux%20%3A%20La%20Communaut%C3%A9%20de%20l%27anneau%202001
TROUBLE_EVERY_DAY_2001;Trouble Every Day;2001;Claire Denis;OK;tmdb;40723;Trouble Every Day;TROUBLE_EVERY_DAY_2001.jpg;;https://theposterdb.com/search?term=Trouble%20Every%20Day%202001
WHAT_TIME_IS_IT_THERE_2001;What Time Is It There?;2001;Tsai Ming-liang;OK;tmdb;24166;Et là-bas, quelle heure est-il ?;WHAT_TIME_IS_IT_THERE_2001.jpg;;https://theposterdb.com/search?term=What%20Time%20Is%20It%20There%3F%202001
Y_TU_MAMA_TAMBIEN_2001;Y tu mamá también;2001;Alfonso Cuarón;OK;tmdb;1391;Y tu mamá también;Y_TU_MAMA_TAMBIEN_2001.jpg;;https://theposterdb.com/search?term=Y%20tu%20mam%C3%A1%20tambi%C3%A9n%202001
ABOUNA_2002;Abouna;2002;Mahamat-Saleh Haroun;OK;tmdb;22014;Abouna (notre père);ABOUNA_2002.jpg;;https://theposterdb.com/search?term=Abouna%202002
EN_ATTENDANT_LE_BONHEUR_2002;En attendant le bonheur;2002;Abderrahmane Sissako;OK;tmdb;47226;En attendant le bonheur;EN_ATTENDANT_LE_BONHEUR_2002.jpg;;https://theposterdb.com/search?term=En%20attendant%20le%20bonheur%202002
FUNNY_HA_HA_2002;Funny Ha Ha;2002;Andrew Bujalski;OK;tmdb;33693;Funny Ha Ha;FUNNY_HA_HA_2002.jpg;;https://theposterdb.com/search?term=Funny%20Ha%20Ha%202002
HERO_2002;Hero;2002;Zhang Yimou;OK;tmdb;79;Hero;HERO_2002.jpg;;https://theposterdb.com/search?term=Hero%202002
INTERVENTION_DIVINE_2002;Intervention divine;2002;Elia Suleiman;OK;tmdb;27744;Intervention Divine;INTERVENTION_DIVINE_2002.jpg;;https://theposterdb.com/search?term=Intervention%20divine%202002
IRREVERSIBLE_2002;Irreversible;2002;Gaspar Noé;OK;tmdb;979;Irréversible - Inversion intégrale;IRREVERSIBLE_2002.jpg;;https://theposterdb.com/search?term=Irreversible%202002
JAPON_2002;Japón;2002;Carlos Reygadas;OK;tmdb;813802;Japón;JAPON_2002.jpg;;https://theposterdb.com/search?term=Jap%C3%B3n%202002
L_ARCHE_RUSSE_2002;L'Arche russe;2002;Alexander Sokurov;OK;tmdb;16646;L'Arche russe;L_ARCHE_RUSSE_2002.jpg;;https://theposterdb.com/search?term=L%27Arche%20russe%202002
UNKNOWN_PLEASURES_2002;Unknown Pleasures;2002;Jia Zhangke;OK;tmdb;80243;Plaisirs inconnus;UNKNOWN_PLEASURES_2002.jpg;;https://theposterdb.com/search?term=Unknown%20Pleasures%202002
UZAK_2002;Uzak;2002;Nuri Bilge Ceylan;OK;tmdb;31026;Uzak;UZAK_2002.jpg;;https://theposterdb.com/search?term=Uzak%202002
WHALE_RIDER_2002;Whale Rider;2002;Niki Caro;OK;tmdb;1088;Paï : l'Élue d'un peuple nouveau;WHALE_RIDER_2002.jpg;;https://theposterdb.com/search?term=Whale%20Rider%202002
15_2003;15;2003;Royston Tan;OK;tmdb;27748;15;15_2003.jpg;;https://theposterdb.com/search?term=15%202003
CARANDIRU_2003;Carandiru;2003;Héctor Babenco;OK;tmdb;8440;Carandiru;CARANDIRU_2003.jpg;;https://theposterdb.com/search?term=Carandiru%202003
CRIMSON_GOLD_2003;Crimson Gold;2003;Jafar Panahi;OK;tmdb;40427;Sang et or;CRIMSON_GOLD_2003.jpg;;https://theposterdb.com/search?term=Crimson%20Gold%202003
HAUTE_TENSION_2003;Haute Tension;2003;Alexandre Aja;OK;tmdb;10226;Haute Tension;HAUTE_TENSION_2003.jpg;;https://theposterdb.com/search?term=Haute%20Tension%202003
LE_RETOUR_2003;Le Retour;2003;Andrey Zvyagintsev;OK;tmdb;11190;Le Retour;LE_RETOUR_2003.jpg;;https://theposterdb.com/search?term=Le%20Retour%202003
LES_INVASIONS_BARBARES_2003;Les Invasions barbares;2003;Denys Arcand;OK;tmdb;11042;Les Invasions barbares;LES_INVASIONS_BARBARES_2003.jpg;;https://theposterdb.com/search?term=Les%20Invasions%20barbares%202003
MEMORIES_OF_MURDER_2003_JOON_HO;Memories of Murder;2003;Bong Joon-ho;OK;tmdb;11423;Memories of Murder;MEMORIES_OF_MURDER_2003_JOON_HO.jpg;;https://theposterdb.com/search?term=Memories%20of%20Murder%202003
ONG_BAK_2003;Ong-Bak;2003;Prachya Pinkaew;OK;tmdb;9316;Ong-Bak;ONG_BAK_2003.jpg;;https://theposterdb.com/search?term=Ong-Bak%202003
OSUOFIA_IN_LONDON_2003;Osuofia in London;2003;Kingsley Ogoro;OK;tmdb;192830;Osuofia in London;OSUOFIA_IN_LONDON_2003.jpg;;https://theposterdb.com/search?term=Osuofia%20in%20London%202003
S21_LA_MACHINE_DE_MORT_KHMERE_ROUGE_2003;S21, la machine de mort khmère rouge;2003;Rithy Panh;OK;tmdb;43936;S21, la machine de mort khmère rouge;S21_LA_MACHINE_DE_MORT_KHMERE_ROUGE_2003.jpg;;https://theposterdb.com/search?term=S21%2C%20la%20machine%20de%20mort%20khm%C3%A8re%20rouge%202003
SPRING_SUMMER_FALL_WINTER_AND_SPRING_2003;Spring, Summer, Fall, Winter... and Spring;2003;Kim Ki-duk;OK;tmdb;113;Printemps, été, automne, hiver... et printemps;SPRING_SUMMER_FALL_WINTER_AND_SPRING_2003.jpg;;https://theposterdb.com/search?term=Spring%2C%20Summer%2C%20Fall%2C%20Winter...%20and%20Spring%202003
SUITE_HABANA_2003;Suite Habana;2003;Fernando Pérez;OK;tmdb;85645;Suite Habana;SUITE_HABANA_2003.jpg;;https://theposterdb.com/search?term=Suite%20Habana%202003
EVOLUTION_OF_A_FILIPINO_FAMILY_2004;Evolution of a Filipino Family;2004;Lav Diaz;OK;tmdb;163957;Evolution of a Filipino Family;EVOLUTION_OF_A_FILIPINO_FAMILY_2004.jpg;;https://theposterdb.com/search?term=Evolution%20of%20a%20Filipino%20Family%202004
HEAD_ON_2004;Head-On;2004;Fatih Akin;OK;tmdb;363;Head-On;HEAD_ON_2004.jpg;;https://theposterdb.com/search?term=Head-On%202004
LA_NINA_SANTA_2004;La niña santa;2004;Lucrecia Martel;OK;tmdb;44413;La Niña Santa;LA_NINA_SANTA_2004.jpg;;https://theposterdb.com/search?term=La%20ni%C3%B1a%20santa%202004
MACHUCA_2004;Machuca;2004;Andrés Wood;OK;tmdb;12086;Mon ami Machuca;MACHUCA_2004.jpg;;https://theposterdb.com/search?term=Machuca%202004
MOOLAADE_2004;Moolaadé;2004;Ousmane Sembène;OK;tmdb;39504;Moolaadé;MOOLAADE_2004.jpg;;https://theposterdb.com/search?term=Moolaad%C3%A9%202004
TEMPORADA_DE_PATOS_2004;Temporada de patos;2004;Fernando Eimbcke;OK;tmdb;34207;Temporada de patos;TEMPORADA_DE_PATOS_2004.jpg;;https://theposterdb.com/search?term=Temporada%20de%20patos%202004
THE_NIGHT_OF_TRUTH_2004;The Night of Truth;2004;Fanta Régina Nacro;OK;tmdb;84698;The Night of Truth;THE_NIGHT_OF_TRUTH_2004.jpg;;https://theposterdb.com/search?term=The%20Night%20of%20Truth%202004
YESTERDAY_2004;Yesterday;2004;Darrell Roodt;OK;tmdb;6934;Yesterday;YESTERDAY_2004.jpg;;https://theposterdb.com/search?term=Yesterday%202004
BROKEBACK_MOUNTAIN_2005;Brokeback Mountain;2005;Ang Lee;OK;tmdb;142;Le Secret de Brokeback Mountain;BROKEBACK_MOUNTAIN_2005.jpg;;https://theposterdb.com/search?term=Brokeback%20Mountain%202005
PARADISE_NOW_2005;Paradise Now;2005;Hany Abu-Assad;OK;tmdb;67;Paradise Now;PARADISE_NOW_2005.jpg;;https://theposterdb.com/search?term=Paradise%20Now%202005
THE_PUFFY_CHAIR_2005;The Puffy Chair;2005;Jay Duplass;OK;tmdb;24055;The Puffy Chair;THE_PUFFY_CHAIR_2005.jpg;;https://theposterdb.com/search?term=The%20Puffy%20Chair%202005
TSOTSI_2005;Tsotsi;2005;Gavin Hood;OK;tmdb;868;Mon nom est Tsotsi;TSOTSI_2005.jpg;;https://theposterdb.com/search?term=Tsotsi%202005
12_08_EAST_OF_BUCHAREST_2006;12:08 East of Bucharest;2006;Corneliu Porumboiu;OK;tmdb;24159;12 h 08 à l'est de Bucarest;12_08_EAST_OF_BUCHAREST_2006.jpg;;https://theposterdb.com/search?term=12%3A08%20East%20of%20Bucharest%202006
BABEL_2006;Babel;2006;Alejandro González Iñárritu;OK;tmdb;1164;Babel;BABEL_2006.jpg;;https://theposterdb.com/search?term=Babel%202006
BAMAKO_2006;Bamako;2006;Abderrahmane Sissako;NO_POSTER;tmdb;347402;Bamako;;fiche OK, pas d'affiche;https://theposterdb.com/search?term=Bamako%202006
CLIMATES_2006;Climates;2006;Nuri Bilge Ceylan;OK;tmdb;612181;Climates;CLIMATES_2006.jpg;;https://theposterdb.com/search?term=Climates%202006
INDIGENES_2006;Indigènes;2006;Rachid Bouchareb;OK;tmdb;2016;Indigènes;INDIGENES_2006.jpg;;https://theposterdb.com/search?term=Indig%C3%A8nes%202006
OFFSIDE_2006;Offside;2006;Jafar Panahi;OK;tmdb;52967;Offside;OFFSIDE_2006.jpg;;https://theposterdb.com/search?term=Offside%202006
OPERA_JAWA_2006;Opera Jawa;2006;Garin Nugroho;OK;tmdb;63923;OPERA JAWA;OPERA_JAWA_2006.jpg;;https://theposterdb.com/search?term=Opera%20Jawa%202006
PAN_S_LABYRINTH_2006;Pan's Labyrinth;2006;Guillermo del Toro;OK;tmdb;1417;Le Labyrinthe de Pan;PAN_S_LABYRINTH_2006.jpg;;https://theposterdb.com/search?term=Pan%27s%20Labyrinth%202006
STILL_LIFE_2006;Still Life;2006;Jia Zhangke;OK;tmdb;2346;Still Life;STILL_LIFE_2006.jpg;;https://theposterdb.com/search?term=Still%20Life%202006
VOLVER_2006;Volver;2006;Pedro Almodóvar;OK;tmdb;219;Volver;VOLVER_2006.jpg;;https://theposterdb.com/search?term=Volver%202006
4_MOIS_3_SEMAINES_2_JOURS_2007;4 mois, 3 semaines, 2 jours;2007;Cristian Mungiu;OK;tmdb;2009;4 mois, 3 semaines, 2 jours;4_MOIS_3_SEMAINES_2_JOURS_2007.jpg;;https://theposterdb.com/search?term=4%20mois%2C%203%20semaines%2C%202%20jours%202007
AUTUMN_BALL_2007;Autumn Ball;2007;Veiko Õunpuu;OK;tmdb;46847;Autumn Ball;AUTUMN_BALL_2007.jpg;;https://theposterdb.com/search?term=Autumn%20Ball%202007
CARAMEL_2007;Caramel;2007;Nadine Labaki;OK;tmdb;7973;Caramel;CARAMEL_2007.jpg;;https://theposterdb.com/search?term=Caramel%202007
CARGO_200_2007;Cargo 200;2007;Aleksei Balabanov;OK;tmdb;34869;Chargement 200;CARGO_200_2007.jpg;;https://theposterdb.com/search?term=Cargo%20200%202007
DEATH_PROOF_2007;Death Proof;2007;Quentin Tarantino;OK;tmdb;1991;Boulevard de la mort;DEATH_PROOF_2007.jpg;;https://theposterdb.com/search?term=Death%20Proof%202007
HANNAH_TAKES_THE_STAIRS_2007;Hannah Takes the Stairs;2007;Joe Swanberg;OK;tmdb;5761;Hannah Takes the Stairs;HANNAH_TAKES_THE_STAIRS_2007.jpg;;https://theposterdb.com/search?term=Hannah%20Takes%20the%20Stairs%202007
PLANET_TERROR_2007;Planet Terror;2007;Robert Rodriguez;OK;tmdb;1992;Planète terreur;PLANET_TERROR_2007.jpg;;https://theposterdb.com/search?term=Planet%20Terror%202007
SILENT_LIGHT_2007;Silent Light;2007;Carlos Reygadas;OK;tmdb;2012;Lumière silencieuse;SILENT_LIGHT_2007.jpg;;https://theposterdb.com/search?term=Silent%20Light%202007
THE_BAND_S_VISIT_2007;The Band's Visit;2007;Eran Kolirin;OK;tmdb;5259;La Visite de la fanfare;THE_BAND_S_VISIT_2007.jpg;;https://theposterdb.com/search?term=The%20Band%27s%20Visit%202007
TROPA_DE_ELITE_2007;Tropa de Elite;2007;José Padilha;OK;tmdb;7347;Troupe d'Élite;TROPA_DE_ELITE_2007.jpg;;https://theposterdb.com/search?term=Tropa%20de%20Elite%202007
REC_2007;[Rec];2007;Jaume Balagueró;OK;tmdb;8329;[Rec];REC_2007.jpg;;https://theposterdb.com/search?term=%5BRec%5D%202007
A_L_INTERIEUR_2007;À l'intérieur;2007;Alexandre Bustillo;OK;tmdb;13312;À l'intérieur;A_L_INTERIEUR_2007.jpg;;https://theposterdb.com/search?term=%C3%80%20l%27int%C3%A9rieur%202007
DEPARTURES_2008;Departures;2008;Yōjirō Takita;OK;tmdb;16804;Departures;DEPARTURES_2008.jpg;;https://theposterdb.com/search?term=Departures%202008
ENTRE_LES_MURS_2008;Entre les murs;2008;Laurent Cantet;OK;tmdb;8841;Entre les murs;ENTRE_LES_MURS_2008.jpg;;https://theposterdb.com/search?term=Entre%20les%20murs%202008
HISTORIAS_EXTRAORDINARIAS_2008;Historias extraordinarias;2008;Mariano Llinás;OK;tmdb;111188;Historias extraordinarias;HISTORIAS_EXTRAORDINARIAS_2008.jpg;;https://theposterdb.com/search?term=Historias%20extraordinarias%202008
JERUSALEMA_2008;Jerusalema;2008;Ralph Ziman;OK;tmdb;22600;Gangster's Paradise: Jerusalema;JERUSALEMA_2008.jpg;;https://theposterdb.com/search?term=Jerusalema%202008
MARTYRS_2008;Martyrs;2008;Pascal Laugier;OK;tmdb;9539;Martyrs;MARTYRS_2008.jpg;;https://theposterdb.com/search?term=Martyrs%202008
NOLLYWOOD_BABYLON_2008;Nollywood Babylon;2008;Ben Addelman;OK;tmdb;48349;Nollywood Babylon;NOLLYWOOD_BABYLON_2008.jpg;;https://theposterdb.com/search?term=Nollywood%20Babylon%202008
TEZA_2008;Teza;2008;Haile Gerima;OK;tmdb;12427;Teza;TEZA_2008.jpg;;https://theposterdb.com/search?term=Teza%202008
TONY_MANERO_2008;Tony Manero;2008;Pablo Larraín;OK;tmdb;33774;Tony Manero;TONY_MANERO_2008.jpg;;https://theposterdb.com/search?term=Tony%20Manero%202008
VALSE_AVEC_BACHIR_2008;Valse avec Bachir;2008;Ari Folman;OK;tmdb;8885;Valse avec Bachir;VALSE_AVEC_BACHIR_2008.jpg;;https://theposterdb.com/search?term=Valse%20avec%20Bachir%202008
AJAMI_2009;Ajami;2009;Scandar Copti;OK;tmdb;24424;Ajami;AJAMI_2009.jpg;;https://theposterdb.com/search?term=Ajami%202009
DISTRICT_9_2009;District 9;2009;Neill Blomkamp;OK;tmdb;17654;District 9;DISTRICT_9_2009.jpg;;https://theposterdb.com/search?term=District%209%202009
LEBANON_2009;Lebanon;2009;Samuel Maoz;OK;tmdb;32084;Lebanon;LEBANON_2009.jpg;;https://theposterdb.com/search?term=Lebanon%202009
POLICE_ADJECTIVE_2009;Police, Adjective;2009;Corneliu Porumboiu;OK;tmdb;32511;Policier, adjectif;POLICE_ADJECTIVE_2009.jpg;;https://theposterdb.com/search?term=Police%2C%20Adjective%202009
THE_FIGURINE_2009;The Figurine;2009;Kunle Afolayan;OK;tmdb;381961;Araromire;THE_FIGURINE_2009.jpg;;https://theposterdb.com/search?term=The%20Figurine%202009
THE_TIME_THAT_REMAINS_2009;The Time That Remains;2009;Elia Suleiman;OK;tmdb;44898;Le temps qu'il reste;THE_TIME_THAT_REMAINS_2009.jpg;;https://theposterdb.com/search?term=The%20Time%20That%20Remains%202009
BOY_2010;Boy;2010;Taika Waititi;OK;tmdb;39356;Boy;BOY_2010.jpg;;https://theposterdb.com/search?term=Boy%202010
MEME_LA_PLUIE_2010;Même la pluie;2010;Icíar Bollaín;OK;tmdb;53596;Même la pluie;MEME_LA_PLUIE_2010.jpg;;https://theposterdb.com/search?term=M%C3%AAme%20la%20pluie%202010
POETRY_2010_CHANG_DONG;Poetry;2010;Lee Chang-dong;OK;tmdb;47909;Poetry;POETRY_2010_CHANG_DONG.jpg;;https://theposterdb.com/search?term=Poetry%202010
THE_CLOCK_2010;The Clock;2010;Christian Marclay;OK;tmdb;138829;The Clock;THE_CLOCK_2010.jpg;;https://theposterdb.com/search?term=The%20Clock%202010
UN_HOMME_QUI_CRIE_2010;Un homme qui crie;2010;Mahamat-Saleh Haroun;OK;tmdb;57602;Un homme qui crie;UN_HOMME_QUI_CRIE_2010.jpg;;https://theposterdb.com/search?term=Un%20homme%20qui%20crie%202010
5_BROKEN_CAMERAS_2011;5 Broken Cameras;2011;Emad Burnat;OK;tmdb;84170;5 Caméras Brisées;5_BROKEN_CAMERAS_2011.jpg;;https://theposterdb.com/search?term=5%20Broken%20Cameras%202011
EL_ESTUDIANTE_2011;El estudiante;2011;Santiago Mitre;OK;tmdb;118204;El Estudiante ou Récit d'une jeunesse révoltée;EL_ESTUDIANTE_2011.jpg;;https://theposterdb.com/search?term=El%20estudiante%202011
ELENA_2011;Elena;2011;Andrey Zvyagintsev;OK;tmdb;78182;Elena;ELENA_2011.jpg;;https://theposterdb.com/search?term=Elena%202011
ET_MAINTENANT_ON_VA_OU_2011;Et maintenant on va où ?;2011;Nadine Labaki;OK;tmdb;77461;Et maintenant on va où ?;ET_MAINTENANT_ON_VA_OU_2011.jpg;;https://theposterdb.com/search?term=Et%20maintenant%20on%20va%20o%C3%B9%20%3F%202011
LE_HAVRE_2011;Le Havre;2011;Aki Kaurismäki;OK;tmdb;73532;Le Havre;LE_HAVRE_2011.jpg;;https://theposterdb.com/search?term=Le%20Havre%202011
THE_RAID_2011;The Raid;2011;Gareth Evans;OK;tmdb;507267;The Raid;THE_RAID_2011.jpg;;https://theposterdb.com/search?term=The%20Raid%202011
THIS_IS_NOT_A_FILM_2011;This Is Not a Film;2011;Jafar Panahi;OK;tmdb;83552;Ceci n'est pas un film;THIS_IS_NOT_A_FILM_2011.jpg;;https://theposterdb.com/search?term=This%20Is%20Not%20a%20Film%202011
FRANCES_HA_2012;Frances Ha;2012;Noah Baumbach;OK;tmdb;121986;Frances Ha;FRANCES_HA_2012.jpg;;https://theposterdb.com/search?term=Frances%20Ha%202012
NO_2012;No;2012;Pablo Larraín;OK;tmdb;110398;No;NO_2012.jpg;;https://theposterdb.com/search?term=No%202012
O_SOM_AO_REDOR_2012;O Som ao Redor;2012;Kleber Mendonça Filho;OK;tmdb;97989;Les bruits de Recife;O_SOM_AO_REDOR_2012.jpg;;https://theposterdb.com/search?term=O%20Som%20ao%20Redor%202012
PHONE_SWAP_2012;Phone Swap;2012;Kunle Afolayan;OK;tmdb;140033;Phone Swap;PHONE_SWAP_2012.jpg;;https://theposterdb.com/search?term=Phone%20Swap%202012
THE_MEETING_2012;The Meeting;2012;Mildred Okwo;NO_POSTER;tmdb;423155;The Meeting;;fiche OK, pas d'affiche;https://theposterdb.com/search?term=The%20Meeting%202012
VANISHING_WAVES_2012;Vanishing Waves;2012;Kristina Buožytė;OK;tmdb;133764;Vanishing Waves;VANISHING_WAVES_2012.jpg;;https://theposterdb.com/search?term=Vanishing%20Waves%202012
A_TOUCH_OF_SIN_2013;A Touch of Sin;2013;Jia Zhangke;OK;tmdb;187022;A Touch of Sin;A_TOUCH_OF_SIN_2013.jpg;;https://theposterdb.com/search?term=A%20Touch%20of%20Sin%202013
ILO_ILO_2013;Ilo Ilo;2013;Anthony Chen;OK;tmdb;188598;Ilo Ilo;ILO_ILO_2013.jpg;;https://theposterdb.com/search?term=Ilo%20Ilo%202013
L_IMAGE_MANQUANTE_2013;L'Image manquante;2013;Rithy Panh;OK;tmdb;186997;L'Image manquante;L_IMAGE_MANQUANTE_2013.jpg;;https://theposterdb.com/search?term=L%27Image%20manquante%202013
L_INCONNU_DU_LAC_2013;L'Inconnu du lac;2013;Alain Guiraudie;OK;tmdb;186992;L'Inconnu du lac;L_INCONNU_DU_LAC_2013.jpg;;https://theposterdb.com/search?term=L%27Inconnu%20du%20lac%202013
NORTE_THE_END_OF_HISTORY_2013;Norte, the End of History;2013;Lav Diaz;OK;tmdb;186975;Norte, la fin de l'histoire;NORTE_THE_END_OF_HISTORY_2013.jpg;;https://theposterdb.com/search?term=Norte%2C%20the%20End%20of%20History%202013
OMAR_2013;Omar;2013;Hany Abu-Assad;OK;tmdb;187028;Omar;OMAR_2013.jpg;;https://theposterdb.com/search?term=Omar%202013
RHYMES_FOR_YOUNG_GHOULS_2013;Rhymes for Young Ghouls;2013;Jeff Barnaby;OK;tmdb;212748;Comptines pour jeunes goules;RHYMES_FOR_YOUNG_GHOULS_2013.jpg;;https://theposterdb.com/search?term=Rhymes%20for%20Young%20Ghouls%202013
TANGERINES_2013;Tangerines;2013;Zaza Urushadze;OK;tmdb;238628;Mandarines;TANGERINES_2013.jpg;;https://theposterdb.com/search?term=Tangerines%202013
THE_EXCURSIONIST_2013;The Excursionist;2013;Audrius Juzėnas;OK;tmdb;279410;The Excursionist;THE_EXCURSIONIST_2013.jpg;;https://theposterdb.com/search?term=The%20Excursionist%202013
A_PIGEON_SAT_ON_A_BRANCH_REFLECTING_ON_EXISTENCE_2014;A Pigeon Sat on a Branch Reflecting on Existence;2014;Roy Andersson;OK;tmdb;110390;Un pigeon perché sur une branche philosophait sur l’existence;A_PIGEON_SAT_ON_A_BRANCH_REFLECTING_ON_EXISTENCE_2014.jpg;;https://theposterdb.com/search?term=A%20Pigeon%20Sat%20on%20a%20Branch%20Reflecting%20on%20Existence%202014
CONCERNING_VIOLENCE_2014;Concerning Violence;2014;Göran Hugo Olsson;OK;tmdb;250784;Concerning Violence;CONCERNING_VIOLENCE_2014.jpg;;https://theposterdb.com/search?term=Concerning%20Violence%202014
DIFRET_2014;Difret;2014;Zeresenay Berhane Mehari;OK;tmdb;245855;Difret;DIFRET_2014.jpg;;https://theposterdb.com/search?term=Difret%202014
FORCE_MAJEURE_2014;Force Majeure;2014;Ruben Östlund;OK;tmdb;265189;Snow Therapy;FORCE_MAJEURE_2014.jpg;;https://theposterdb.com/search?term=Force%20Majeure%202014
GETT_2014;Gett;2014;Ronit Elkabetz;OK;tmdb;270403;Le procès de Viviane Amsalem;GETT_2014.jpg;;https://theposterdb.com/search?term=Gett%202014
GUEROS_2014;Güeros;2014;Alonso Ruizpalacios;OK;tmdb;256057;Güeros;GUEROS_2014.jpg;;https://theposterdb.com/search?term=G%C3%BCeros%202014
HORSE_MONEY_2014;Horse Money;2014;Pedro Costa;OK;tmdb;285697;Ventura;HORSE_MONEY_2014.jpg;;https://theposterdb.com/search?term=Horse%20Money%202014
IN_THE_CROSSWIND_2014;In the Crosswind;2014;Martti Helde;OK;tmdb;262009;Crosswind - La croisée des vents;IN_THE_CROSSWIND_2014.jpg;;https://theposterdb.com/search?term=In%20the%20Crosswind%202014
LEVIATHAN_2014;Leviathan;2014;Andrey Zvyagintsev;OK;tmdb;265180;Léviathan;LEVIATHAN_2014.jpg;;https://theposterdb.com/search?term=Leviathan%202014
OCTOBER_1_2014;October 1;2014;Kunle Afolayan;OK;tmdb;325803;October 1;OCTOBER_1_2014.jpg;;https://theposterdb.com/search?term=October%201%202014
RELATOS_SALVAJES_2014;Relatos salvajes;2014;Damián Szifron;OK;tmdb;265195;Les Nouveaux Sauvages;RELATOS_SALVAJES_2014.jpg;;https://theposterdb.com/search?term=Relatos%20salvajes%202014
CIMETIERE_DE_LA_SPLENDEUR_2015;Cimetière de la splendeur;2015;Apichatpong Weerasethakul;NOT_FOUND;tpdb_manual;;;;aucun match TMDB assez sûr;https://theposterdb.com/search?term=Cimeti%C3%A8re%20de%20la%20splendeur%202015
DHEEPAN_2015;Dheepan;2015;Jacques Audiard;OK;tmdb;314402;Erran;DHEEPAN_2015.jpg;;https://theposterdb.com/search?term=Dheepan%202015
LAMB_2015;Lamb;2015;Yared Zeleke;OK;tmdb;337114;Lamb;LAMB_2015.jpg;;https://theposterdb.com/search?term=Lamb%202015
MUSTANG_2015;Mustang;2015;Deniz Gamze Ergüven;OK;tmdb;336804;Mustang;MUSTANG_2015.jpg;;https://theposterdb.com/search?term=Mustang%202015
TAXI_TEHERAN_2015;Taxi Téhéran;2015;Jafar Panahi;OK;tmdb;320006;Taxi Téhéran;TAXI_TEHERAN_2015.jpg;;https://theposterdb.com/search?term=Taxi%20T%C3%A9h%C3%A9ran%202015
THE_CLUB_2015;The Club;2015;Pablo Larraín;OK;tmdb;319995;The Club;THE_CLUB_2015.jpg;;https://theposterdb.com/search?term=The%20Club%202015
AQUARIUS_2016;Aquarius;2016;Kleber Mendonça Filho;OK;tmdb;377273;Aquarius;AQUARIUS_2016.jpg;;https://theposterdb.com/search?term=Aquarius%202016
THE_WEDDING_PARTY_2016;The Wedding Party;2016;Kemi Adetiba;OK;tmdb;412196;The Wedding Party;THE_WEDDING_PARTY_2016.jpg;;https://theposterdb.com/search?term=The%20Wedding%20Party%202016
120_BATTEMENTS_PAR_MINUTE_2017;120 battements par minute;2017;Robin Campillo;OK;tmdb;451945;120 battements par minute;120_BATTEMENTS_PAR_MINUTE_2017.jpg;;https://theposterdb.com/search?term=120%20battements%20par%20minute%202017
CALL_ME_BY_YOUR_NAME_2017;Call Me by Your Name;2017;Luca Guadagnino;OK;tmdb;398818;Appelle-moi par ton nom;CALL_ME_BY_YOUR_NAME_2017.jpg;;https://theposterdb.com/search?term=Call%20Me%20by%20Your%20Name%202017
FIRST_THEY_KILLED_MY_FATHER_2017;First They Killed My Father;2017;Angelina Jolie;OK;tmdb;433247;D'abord, ils ont tué mon père;FIRST_THEY_KILLED_MY_FATHER_2017.jpg;;https://theposterdb.com/search?term=First%20They%20Killed%20My%20Father%202017
FOXTROT_2017;Foxtrot;2017;Samuel Maoz;OK;tmdb;444431;Foxtrot;FOXTROT_2017.jpg;;https://theposterdb.com/search?term=Foxtrot%202017
FELICITE_2017;Félicité;2017;Alain Gomis;OK;tmdb;436340;Félicité;FELICITE_2017.jpg;;https://theposterdb.com/search?term=F%C3%A9licit%C3%A9%202017
L_INSULTE_2017;L'Insulte;2017;Ziad Doueiri;OK;tmdb;468284;L'Insulte;L_INSULTE_2017.jpg;;https://theposterdb.com/search?term=L%27Insulte%202017
LOVELESS_2017;Loveless;2017;Andrey Zvyagintsev;OK;tmdb;429174;Faute d'amour;LOVELESS_2017.jpg;;https://theposterdb.com/search?term=Loveless%202017
MARLINA_THE_MURDERER_IN_FOUR_ACTS_2017;Marlina the Murderer in Four Acts;2017;Mouly Surya;OK;tmdb;453276;Marlina, la tueuse en quatre actes;MARLINA_THE_MURDERER_IN_FOUR_ACTS_2017.jpg;;https://theposterdb.com/search?term=Marlina%20the%20Murderer%20in%20Four%20Acts%202017
PENGABDI_SETAN_2017;Pengabdi Setan;2017;Joko Anwar;OK;tmdb;467012;Satan's Slaves;PENGABDI_SETAN_2017.jpg;;https://theposterdb.com/search?term=Pengabdi%20Setan%202017
THE_SEEN_AND_UNSEEN_2017;The Seen and Unseen;2017;Kamila Andini;OK;tmdb;469312;The Seen and Unseen;THE_SEEN_AND_UNSEEN_2017.jpg;;https://theposterdb.com/search?term=The%20Seen%20and%20Unseen%202017
THE_WOUND_2017;The Wound;2017;John Trengove;OK;tmdb;469626;The Wound;THE_WOUND_2017.jpg;;https://theposterdb.com/search?term=The%20Wound%202017
UNE_FEMME_FANTASTIQUE_2017;Une femme fantastique;2017;Sebastián Lelio;OK;tmdb;429191;Une femme fantastique;UNE_FEMME_FANTASTIQUE_2017.jpg;;https://theposterdb.com/search?term=Une%20femme%20fantastique%202017
A_LAND_IMAGINED_2018;A Land Imagined;2018;Yeo Siew Hua;OK;tmdb;537526;Les Étendues imaginaires;A_LAND_IMAGINED_2018.jpg;;https://theposterdb.com/search?term=A%20Land%20Imagined%202018
CAPHARNAUM_2018;Capharnaüm;2018;Nadine Labaki;OK;tmdb;517814;Capharnaüm;CAPHARNAUM_2018.jpg;;https://theposterdb.com/search?term=Capharna%C3%BCm%202018
KING_OF_BOYS_2018;King of Boys;2018;Kemi Adetiba;OK;tmdb;570465;King of Boys;KING_OF_BOYS_2018.jpg;;https://theposterdb.com/search?term=King%20of%20Boys%202018
LIONHEART_2018;Lionheart;2018;Genevieve Nnaji;OK;tmdb;543774;Lionheart;LIONHEART_2018.jpg;;https://theposterdb.com/search?term=Lionheart%202018
SHIRKERS_2018;Shirkers;2018;Sandi Tan;OK;tmdb;489994;Shirkers;SHIRKERS_2018.jpg;;https://theposterdb.com/search?term=Shirkers%202018
THE_THIRD_WIFE_2018;The Third Wife;2018;Ash Mayfair;OK;tmdb;544812;La Troisième femme;THE_THIRD_WIFE_2018.jpg;;https://theposterdb.com/search?term=The%20Third%20Wife%202018
ATLANTIQUE_2019;Atlantique;2019;Mati Diop;OK;tmdb;496967;Atlantique;ATLANTIQUE_2019.jpg;;https://theposterdb.com/search?term=Atlantique%202019
BACURAU_2019;Bacurau;2019;Kleber Mendonça Filho;OK;tmdb;446159;Bacurau;BACURAU_2019.jpg;;https://theposterdb.com/search?term=Bacurau%202019
BEANPOLE_2019;Beanpole;2019;Kantemir Balagov;NOT_FOUND;tpdb_manual;;;;aucun match TMDB assez sûr;https://theposterdb.com/search?term=Beanpole%202019
KUMBALANGI_NIGHTS_2019;Kumbalangi Nights;2019;Madhu C. Narayanan;OK;tmdb;575351;Kumbalangi Nights;KUMBALANGI_NIGHTS_2019.jpg;;https://theposterdb.com/search?term=Kumbalangi%20Nights%202019
PAPICHA_2019;Papicha;2019;Mounia Meddour;OK;tmdb;592807;Papicha;PAPICHA_2019.jpg;;https://theposterdb.com/search?term=Papicha%202019
THE_BODY_REMEMBERS_WHEN_THE_WORLD_BROKE_OPEN_2019;The Body Remembers When the World Broke Open;2019;Elle-Máijá Tailfeathers;OK;tmdb;575793;The Body Remembers When the World Broke Open;THE_BODY_REMEMBERS_WHEN_THE_WORLD_BROKE_OPEN_2019.jpg;;https://theposterdb.com/search?term=The%20Body%20Remembers%20When%20the%20World%20Broke%20Open%202019
BEANS_2020;Beans;2020;Tracey Deer;OK;tmdb;985641;Cracher Le Morceau;BEANS_2020.jpg;;https://theposterdb.com/search?term=Beans%202020
BEGINNING_2020;Beginning;2020;Dea Kulumbegashvili;OK;tmdb;712167;Au commencement;BEGINNING_2020.jpg;;https://theposterdb.com/search?term=Beginning%202020
CITATION_2020;Citation;2020;Kunle Afolayan;OK;tmdb;755340;La convocation;CITATION_2020.jpg;;https://theposterdb.com/search?term=Citation%202020
THE_MILKMAID_2020;The Milkmaid;2020;Desmond Ovbiagele;OK;tmdb;686270;The Milkmaid;THE_MILKMAID_2020.jpg;;https://theposterdb.com/search?term=The%20Milkmaid%202020
MEMORIA_2021;Memoria;2021;Apichatpong Weerasethakul;OK;tmdb;511819;Memoria;MEMORIA_2021.jpg;;https://theposterdb.com/search?term=Memoria%202021
THE_GREAT_INDIAN_KITCHEN_2021;The Great Indian Kitchen;2021;Jeo Baby;OK;tmdb;786064;The Great Indian Kitchen;THE_GREAT_INDIAN_KITCHEN_2021.jpg;;https://theposterdb.com/search?term=The%20Great%20Indian%20Kitchen%202021
THE_WORST_PERSON_IN_THE_WORLD_2021;The Worst Person in the World;2021;Joachim Trier;OK;tmdb;660120;Julie (en 12 chapitres);THE_WORST_PERSON_IN_THE_WORLD_2021.jpg;;https://theposterdb.com/search?term=The%20Worst%20Person%20in%20the%20World%202021
WHAT_DO_WE_SEE_WHEN_WE_LOOK_AT_THE_SKY_2021;What Do We See When We Look at the Sky?;2021;Alexandre Koberidze;OK;tmdb;795815;Sous le ciel de Koutaïssi;WHAT_DO_WE_SEE_WHEN_WE_LOOK_AT_THE_SKY_2021.jpg;;https://theposterdb.com/search?term=What%20Do%20We%20See%20When%20We%20Look%20at%20the%20Sky%3F%202021
